N° Lector;UBICACIÓN;Estado;Fecha
300;Lector Control De Acceso T2C 1001 Sala CCDD 1T2CLT012  ;;
301;Lector Control De Acceso T2C 1002 Sala Electrica  1T2CLT013;;
302;Lector Control De Acceso T2C 1003 Sala Clima  1T2CLT014;;
303;Lector Control De Acceso T2C 1004 Sala de baterias UPS  1T2CLT001;;
304;Lector Control De Acceso T2C 1006 Sub Estacion  1T2CLT002;;
305;Lector Control De Acceso T2C 1005 Sala Electrica  1T2CLT010;;
306;Lector Control De Acceso T2C 1007 Sub Estacion  1T2CLT002;;
307;Lector Control De Acceso T2C 1008 Sala Clima y Bombeo  1T2CLT011;;
308;Lector Control De Acceso T2C 1009 Sala CCDD  1T2CLT008;;
309;Lector Control De Acceso T2C 1010 Sala Electrica  1T2CLT009;;
310;Lector Control De Acceso T2C 1011 Sala Clima y Bombeo  1T2CLT011;;
311;Lector Control De Acceso T2C 1012 Sala Clima y Bombeo  1T2CLT011;;
312;Lector Control De Acceso T2C 1013 Ingreso Corredor Lado Poniente Interior;;
313;Lector Control De Acceso T2C 1014 Ingreso Corredor Lado Poniente Exterior;;
314;Lector Control De Acceso T2C 1015 Ingreso Corredor Lado Norte Interior;;
315;Lector Control De Acceso T2C 1016 Ingreso Corredor Lado Norte Exterior;;
316;Lector Control De Acceso T2C 1017 Ingreso Escala Primer Nivel;;
317;Lector Control De Acceso T2C 1018 Ingreso Corredor Lado Oriente Interior;;
318;Lector Control De Acceso T2C 1019 Ingreso Corredor Lado Oriente Exterior;;
319;Lector Control De Acceso T2C 1020 Sala CCDD  1T2CLT007;;
320;Lector Control De Acceso T2C 1021 Sala Electrica  1T2CLT006;;
321;Lector Control De Acceso T2C 1022 Ingreso Corredor Lado Sur;;
322;Lector Control De Acceso T2C 1023 Ingreso Corredor Ascensor 23 Sur;;
323;Lector Control De Acceso T2C 1024 Ingreso Corredor Ascensor 23 Norte;;
324;Lector Control De Acceso T2C 1025 Sala de Aseo y Basuras;;
325;Lector Control De Acceso T2C 1026 Sala Clima Corredor Primer Nivel 1T2CLT005;;
326;Lector Control De Acceso T2C 1027 Sala Fotovoltaica Nivel 1T2CLT021  Norte;;
327;Lector Control De Acceso T2C 1028 Sala Fotovoltaica Nivel 1T2CLT022 Sur;;
328;Lector Control De Acceso T2C 1029 Acceso  a subterráneo externo;;
329;Lector Control De Acceso T2C 1030 Acceso  a subterráneo interno;;
330;Lector Control De Acceso T2C 1031 PBB  SALA PTE. C4;;
331;Lector Control De Acceso T2C 1032 PBB  SALA PTE. C2;;
332;Lector Control De Acceso T2C 1033 PBB  SALA PTE. C5;;
333;Lector Control De Acceso T2C 1034 PBB  SALA PTE. C3;;
334;Lector Control De Acceso T2C 1035 PBB  SALA PTE. C1;;
335;Lector Control De Acceso T2C 2001 C 5 a Pasillo desembarque  Nivel 2 Sur;;
336;Lector Control De Acceso T2C 2002 C 5 a Pasillo desembarque  Nivel 2 Norte;;
337;Lector Control De Acceso T2C 2003 C 4 a Pasillo desembarque  Nivel 2 Norte;;
338;Lector Control De Acceso T2C 2004 C 4 a Pasillo desembarque  Nivel 2 Sur;;
339;Lector Control De Acceso T2C Swing Gate Puente C4 desembarque lado Poniente;;
340;Lector Control De Acceso T2C Swing Gate Puente C4 desembarque lado Oriente;;
341;Lector Control De Acceso T2C Swing Gate Puente C3 desembarque lado Poniente;;
342;Lector Control De Acceso T2C Swing Gate Puente C3 desembarque lado Oriente;;
343;Lector Control De Acceso T2C 2005 C 3 a Pasillo desembarque  Nivel 2 Norte;;
344;Lector Control De Acceso T2C 2006 C 3 a Pasillo desembarque  Nivel 2 Sur;;
345;Lector Control De Acceso T2C 2007 C 2 a Pasillo desembarque  Nivel 2 Sur;;
346;Lector Control De Acceso T2C 2008 C 2 a Pasillo desembarque  Nivel 2 Norte;;
347;Lector Control De Acceso T2C 2009 C 1 a Pasillo desembarque  Nivel 2 Norte;;
348;Lector Control De Acceso T2C 2010 C 1 a Pasillo desembarque  Nivel 2 Sur;;
349;Lector Control De Acceso T2C 2013 Conector T2C - T1  Lado Sur-Pon Nivel 2;;
350;Lector Control De Acceso T2C 2012 Conector T2C - T1  Lado Nor-Pon Nivel 2;;
351;Lector Control De Acceso T2C 2014 Conector T2C - T1  Lado Nor-Ori Nivel 2;;
352;Lector Control De Acceso T2C 2011 Conector T2C - T1  Lado Sur-Ori Nivel 2;;
353;Lector Control De Acceso T2C Swing Gate Conector T2C-T1 desembarque lado Oriente;;
354;Lector Control De Acceso T2C Swing Gate Conector T2C-T1 desembarque lado Poniente;;
355;Lector Control De Acceso T2C 2015 Conector T2C - M lado Nor-Ori Nivel 2;;
356;Lector Control De Acceso T2C 2016 Conector T2C - M lado Sur-Ori Nivel 2;;
357;Lector Control De Acceso T2C 2018 Conector T2C - M lado Nor-Pon Nivel 2;;
358;Lector Control De Acceso T2C 2017 Conector T2C - M lado Sur-Pon Nivel 2;;
359;Lector Control De Acceso T2C NIvel 2 Salida Emergencia Escalera 098;;
360;Lector Control De Acceso T2C 2021 Sala Clima Conector T2C-T1 Nivel 2T2CLT003;;
361;Lector Control De Acceso T2C Nivel 2 Escalera Emergencia  078;;
362;Lector Control De Acceso T2C 2023 Conector T1 - T2C  Lado Sur-Pon Nivel 2;;
363;Lector Control De Acceso T2C 2022 Conector T1 - T2C  Lado Nor-Pon Nivel 2;;
364;Lector Control De Acceso T2C 2024 Conector T1 - T2C  Lado Sur-Ori Nivel 2;;
365;Lector Control De Acceso T2C 2025 Conector T1 - T2C  Lado Nor-Ori Nivel 2;;
366;Lector Control De Acceso T2C Nivel 2  Escalera Emergencia  067;;
367;Lector Control De Acceso T2C 2027 Sala clima T2C - M Nivel 2T2CLT001 Sur;;
368;Lector Control De Acceso T2C Nivel 2 Escalera Emergencia  066;;
369;Lector Control De Acceso T2C 2029 Sala clima T2C  -M Nivel 2T2CLT002 Norte;;
370;Lector Control De Acceso T2C 2030 pre pasarela Salida Emergencia C4   ;;
371;Lector Control De Acceso T2C 2031 Acceso a plataforma Exterior C4;;
372;Lector Control De Acceso T2C 2032 Acceso a plataforma Interior  C4;;
373;Lector Control De Acceso T2C 2033 Prepuente a pasillo desemb. C4B;;
374;Lector Control De Acceso T2C 2034 Prepuente a pasillo desemb. C4A;;
375;Lector Control De Acceso T2C 2035 pre pasarela Salida Emergencia C2   ;;
376;Lector Control De Acceso T2C 2036 Acceso a plataforma Exterior  C2;;
377;Lector Control De Acceso T2C 2037  Acceso a plataforma Interior  C2;;
378;Lector Control De Acceso T2C 2038 Prepuente a pasillo desemb. C2B;;
379;Lector Control De Acceso T2C 2039 Prepuente a pasillo desemb. C2A;;
380;Lector Control De Acceso T2C 2040 pre pasarela Salida Emergencia C5   ;;
381;Lector Control De Acceso T2C 2042  Acceso a plataforma Interior  C5;;
382;Lector Control De Acceso T2C 2041  Acceso a plataforma Exterior  C5;;
383;Lector Control De Acceso T2C 2043 Prepuente a pasillo desemb. C5B;;
384;Lector Control De Acceso T2C 2044 Prepuente a pasillo desemb. C5A;;
385;Lector Control De Acceso T2C 2045 pre pasarela Salida Emergencia C3  ;;
386;Lector Control De Acceso T2C 2046 Acceso a plataforma Exterior  C3;;
387;Lector Control De Acceso T2C 2047 Acceso a plataforma Interior  C3;;
388;Lector Control De Acceso T2C 2048 Prepuente a pasillo desemb. C3B;;
389;Lector Control De Acceso T2C 2049 Prepuente a pasillo desemb. C3A;;
390;Lector Control De Acceso T2C 2050 pre pasarela Salida Emergencia C1  ;;
391;Lector Control De Acceso T2C 2051 Acceso a plataforma Exterior  C1;;
392;Lector Control De Acceso T2C 2052 Acceso a plataforma Interior  C1;;
393;Lector Control De Acceso T2C 2053 Prepuente a pasillo desemb. C1B;;
394;Lector Control De Acceso T2C 2054 Prepuente a pasillo desemb. C1A;;
395;Lector Control De Acceso T2C 3001 Embarque Puente C4 Lado Sur-Pon;;
396;Lector Control De Acceso T2C 3002 Embarque Puente C4 Lado Nor-Pon;;
397;Lector Control De Acceso T2C 3004 Embarque Puente C4 Lado Sur-Ori;;
398;Lector Control De Acceso T2C 3003 Embarque Puente C4 Lado Nor-Ori;;
399;Lector Control De Acceso T2C 3005 Embarque Puente C5 Lado Nor-Pon;;
400;Lector Control De Acceso T2C 3006 Embarque Puente C5 Lado Sur-Pon;;
401;Lector Control De Acceso T2C 3008 Embarque Puente C5 Lado Nor-Ori;;
402;Lector Control De Acceso T2C 3007 Embarque Puente C5 Lado Sur-Ori;;
403;LECTOR NO ASIGNADO;;
404;LECTOR NO ASIGNADO;;
405;LECTOR NO ASIGNADO;;
406;LECTOR NO ASIGNADO;;
407;Lector Control De Acceso T2C 3010 Sala Electrica  3T2CLT008 Poniente;;
408;Lector Control De Acceso T2C 3009 Sala CCDD  3T2CLT009 Poniente;;
409;LECTOR NO ASIGNADO;;
410;LECTOR NO ASIGNADO;;
411;LECTOR NO ASIGNADO;;
412;LECTOR NO ASIGNADO;;
413;LECTOR NO ASIGNADO;;
414;LECTOR NO ASIGNADO;;
415;LECTOR NO ASIGNADO;;
416;LECTOR NO ASIGNADO;;
417;Lector Control De Acceso T2C 3014 Embarque Puente C3 Lado Nor-Pon;;
418;Lector Control De Acceso T2C 3011 Embarque Puente C3 Lado Sur-Pon;;
419;Lector Control De Acceso T2C 3013 Embarque Puente C3 Lado Nor-Ori;;
420;Lector Control De Acceso T2C 3012 Embarque Puente C3 Lado Sur-Ori;;
421;Lector Control De Acceso T2C 3015 Embarque Puente C2 Lado Sur-Pon;;
422;Lector Control De Acceso T2C 3016 Embarque Puente C2 Lado Nor-Pon;;
423;Lector Control De Acceso T2C 3017 Embarque Puente C2 Lado Sur-Ori;;
424;Lector Control De Acceso T2C 3018 Embarque Puente C2 Lado Nor-Ori;;
425;LECTOR NO ASIGNADO;;
426;LECTOR NO ASIGNADO;;
427;LECTOR NO ASIGNADO;;
428;Lector Control De Acceso T2C 3020 Sala CCDD  3T2CLT002 Centro;;
429;Lector Control De Acceso T2C 3019 Sala Electrica  3T2CLT001 Centro;;
430;Lector Control De Acceso T2C 3023 Embarque Puente C1 Lado Nor-Ori;;
431;Lector Control De Acceso T2C 3024 Embarque Puente C1 Lado Sur-Ori;;
432;Lector Control De Acceso T2C 3021 Embarque Puente C1 Lado Nor-Pon;;
433;Lector Control De Acceso T2C 3022 Embarque Puente C1 Lado Sur-Pon;;
434;Lector Control De Acceso T2C 3026 Conector T2C - T1  Lado Nor-Pon Nivel 3;;
435;Lector Control De Acceso T2C 3025 Conector T2C - T1  Lado Sur-Pon Nivel 3;;
436;Lector Control De Acceso T2C 3028 Conector T2C - T1  Lado Nor-Ori Nivel 3;;
437;Lector Control De Acceso T2C 3027 Conector T2C - T1  Lado Sur-Ori Nivel 3;;
438;LECTOR NO ASIGNADO;;
439;LECTOR NO ASIGNADO;;
440;LECTOR NO ASIGNADO;;
441;LECTOR NO ASIGNADO;;
442;LECTOR NO ASIGNADO;;
443;LECTOR NO ASIGNADO;;
444;LECTOR NO ASIGNADO;;
445;LECTOR NO ASIGNADO;;
446;Lector Control De Acceso T2C 3029 Vestibulo a escala 3er Piso Norte;;
447;Lector Control De Acceso T2C 3030 Sala CCDD  3T2CLT015 Oriente;;
448;Lector Control De Acceso T2C 3031 Sala Electrica  3T2CLT016 Oriente;;
449;Lector Control De Acceso T2C 3032 Vestibulo ASC 23 Nivel 3  Sur;;
450;Lector Control De Acceso T2C 3033 Conector T2C - M lado Nor-Ori Nivel 3;;
451;Lector Control De Acceso T2C 3034 Conector T2C - M lado Sur-Ori Nivel 3;;
452;Lector Control De Acceso T2C 3036 Conector T2C - M lado Nor-Pon Nivel 3;;
453;Lector Control De Acceso T2C 3035 Conector T2C - M lado Sur-Pon Nivel 3;;
454;Lector Control De Acceso T2C Nivel 3 Escalera Emergencia  67;;
455;Lector Control De Acceso T2C Nivel 3 Escalera Emergencia  66;;
456;Lector Control De Acceso T2C 3039 Acceso Conector T1 - T2C Lado Sur-Ori Nivel 3;;
457;Lector Control De Acceso T2C 3040 Acceso Conector T1 - T2C Lado Nor-Ori Nivel 3;;
458;Lector Control De Acceso T2C 3042 Acceso Conector T1 - T2C Lado Sur-Pon Nivel 3;;
459;Lector Control De Acceso T2C 3041 Acceso Conector T1 - T2C Lado Nor-Pon Nivel 3;;
460;Lector Control De Acceso T2C Escalera Emergencia 78 pasillo T1A-T2C  Nivel 3;;
461;Lector Control De Acceso T2C 3044 Escala Servicio Plataforma Puente C1A;;
462;Lector Control De Acceso T2C 3045 Escala Servicio Plataforma Puente C1B;;
463;Lector Control De Acceso T2C 3046 Escala Servicio Plataforma Puente C2A;;
464;Lector Control De Acceso T2C 3047 Escala Servicio Plataforma Puente C2B;;
465;Lector Control De Acceso T2C 3048 Escala Servicio Plataforma Puente C3A;;
466;Lector Control De Acceso T2C 3049 Escala Servicio Plataforma Puente C3B;;
467;Lector Control De Acceso T2C 3050 Escala Servicio Plataforma Puente C4A;;
468;Lector Control De Acceso T2C 3051 Escala Servicio Plataforma Puente C4B;;
469;Lector Control De Acceso T2C 3052 Escala Servicio PlataformaPuente C5A;;
470;Lector Control De Acceso T2C 3053 Escala Servicio PlataformaPuente C5B;;
500;Lector Control de Acceso T2D Sala CCDD 1T2DLT006;;
501;Lector Control de Acceso T2D Ingreso Escala 019 Primer Nivel;;
502;Lector Control de Acceso T2D Sala Electrica  1T2DLT007;;
503;Lector Control de Acceso T2D Sala Clima y Bombeo  1T2DLT016;;
504;Lector Control de Acceso T2D Sala Clima  Poniente 1T2DLT008;;
505;Lector Control de Acceso T2D Sala Electrica  1T2DLT004;;
506;Lector Control de Acceso T2D Sub Estacion  1T2DLT022;;
507;Lector Control de Acceso T2D Sub Estacion  1T2DLT022;;
508;Lector Control de Acceso T2D Sala Clima Centro  1T2DLT005;;
509;Lector Control de Acceso T2D Sala CCDD  1T2DLT002;;
510;Lector Control de Acceso T2D Sala Electrica  1T2DLT003;;
511;Lector Control de Acceso T2D Sala Clima Oriente  1T2DLT001;;
512;LECTOR NO ASIGNADO;;
513;LECTOR NO ASIGNADO;;
514;LECTOR NO ASIGNADO;;
515;Lector Control de Acceso T2D Sala Fotovoltaica Nivel 1T2DLT018  Norte;;
516;Lector Control de Acceso T2D Sala Fotovoltaica Nivel 1T2DLT017 Sur;;
517;Lector Control de Acceso T2D PBB  SALA PTE. D1;;
518;Lector Control de Acceso T2D PBB  SALA PTE. D3;;
519;Lector Control de Acceso T2D PBB  SALA PTE. D5;;
520;Lector Control de Acceso T2D PBB  SALA PTE. D2;;
521;Lector Control de Acceso T2D PBB  SALA PTE. D4;;
522;Lector Control de Acceso T2D PBB  SALA PTE. D6;;
523;Lector Control de Acceso T2D Conector T2D - T1B  Lado Sur-Pon Nivel 2;;
524;Lector Control de Acceso T2D Conector T2D - T1B  Lado Nor-Pon Nivel 2;;
525;Lector Control de Acceso T2D Conector T2D - T1B  Lado Sur-Ori Nivel 2;;
526;Lector Control de Acceso T2D Conector T2D - T1B  Lado Nor-Ori Nivel 2;;
527;Lector Control de Acceso T2D Puerta Swing Gate Conector Lado Nor-Pon Nivel 2;;
528;Lector Control de Acceso T2D Puerta Swing Gate Conector Lado Sur-Pon Nivel 2;;
529;LECTOR NO ASIGNADO;;
530;LECTOR NO ASIGNADO;;
531;Lector Control de Acceso T2D Conector T2D - T2M  Lado Nor-Pon Nivel 2;;
532;Lector Control de Acceso T2D Conector T2D - T2M  Lado Sur-Pon Nivel 2;;
533;Lector Control de Acceso T2D Conector T2D - T2M  Lado Nor-Ori Nivel 2;;
534;Lector Control de Acceso T2D Conector T2D - T2M  Lado Sur-Ori Nivel 2;;
535;Lector Control de Acceso T2D Pasillo desembarque D2 Nivel 2  Sur;;
536;Lector Control de Acceso T2D Pasillo desembarque D2 Nivel 2  Norte;;
537;Lector Control de Acceso T2D Pasillo desembarque D1 Nivel 2  Norte;;
538;Lector Control de Acceso T2D Pasillo desembarque D1 Nivel 2  Sur;;
539;Lector Control de Acceso T2D Pasillo desembarque D3 Nivel 2  Norte;;
540;Lector Control de Acceso T2D Pasillo desembarque D3 Nivel 2  Sur;;
541;Lector Control de Acceso T2D Pasillo desembarque D4 Nivel 2  Sur;;
542;Lector Control de Acceso T2D Pasillo desembarque D4 Nivel 2  Norte;;
543;Lector Control de Acceso T2D Swing Gate Pasillo desemb. Pte D4  Pon Nivel 2;;
544;Lector Control de Acceso T2D Swing Gate Pasillo desemb. Pte D4  Ori Nivel 2;;
545;LECTOR NO ASIGNADO;;
546;LECTOR NO ASIGNADO;;
547;Lector Control de Acceso T2D Swing Gate Pasillo desemb. Pte D5  Pon Nivel 2;;
548;Lector Control de Acceso T2D Swing Gate Pasillo desemb. Pte D5  Ori Nivel 2;;
549;LECTOR NO ASIGNADO;;
550;LECTOR NO ASIGNADO;;
551;Lector Control de Acceso T2D Pasillo desembarque D5 Nivel 2  Norte;;
552;Lector Control de Acceso T2D Pasillo desembarque D5 Nivel 2  Sur;;
553;Lector Control de Acceso T2D Pasillo desembarque D6 Nivel 2  Sur;;
554;Lector Control de Acceso T2D Pasillo desembarque D6 Nivel 2  Norte;;
555;Lector Control de Acceso T2D Sala Clima T2D  -T1BB Nivel 2T2DLT002;;
556;Lector Control de Acceso T2D Nivel 2 Escalera Emergencia  27;;
557;Lector Control de Acceso T2D Sala Clima T2D  -T1BB Nivel 2T2DLT004;;
558;Lector Control de Acceso T2D Nivel 2 Escalera Emergencia  26;;
559;Lector Control de Acceso T2D Sala Clima T1B - T2D  Nivel 2T2DLT005;;
560;Lector Control de Acceso T2D Nivel 2 Escalera Emergencia  25;;
561;Lector Control de Acceso T2D Conector T1BB - T2D Lado Nor-Pon Nivel 2;;
562;Lector Control de Acceso T2D Conector T1BB - T2D Lado Sur-Pon Nivel 2;;
563;Lector Control de Acceso T2D Conector T1BB - T2D Lado Nor-Ori Nivel 2;;
564;Lector Control de Acceso T2D Conector T1BB - T2D Lado Sur-Ori Nivel 2;;
565;Lector Control de Acceso T2D Sala Clima T2M - T2D  Nivel 2T2DLT006;;
566;Lector Control de Acceso T2D Nivel 2 Escalera Emergencia  39;;
567;Lector Control de Acceso T2D Sala Clima T2M - T2D  Nivel 2T2DLT003;;
568;Lector Control de Acceso T2D Nivel 2 Escalera Emergencia  38;;
569;Lector Control de Acceso T2D D 1 Acceso a plataforma Interior;;
570;Lector Control de Acceso T2D D 1 Acceso a plataforma Exterior;;
571;LeFtor Fontrol De Acceso T2D Prepuente a pasillo desemb. D1A;;
572;Lector Control de Acceso T2D pre pasarela D3   Emergencia;;
573;Lector Control de Acceso T2D D 3 Acceso a plataforma interior;;
574;Lector Control de Acceso T2D D 3 Acceso a plataforma exterior;;
575;Lector Control de Acceso T2D Prepuente a pasillo desemb. D3B;;
576;Lector Control de Acceso T2D Prepuente a pasillo desemb. D3A;;
577;Lector Control de Acceso T2D pre pasarela D5   Emergencia;;
578;Lector Control de Acceso T2D D 5 Acceso a plataforma interior;;
579;Lector Control de Acceso T2D D 5 Acceso a plataforma exterior;;
580;Lector Control de Acceso T2D Prepuente a pasillo desemb. D5B;;
581;Lector Control de Acceso T2D Prepuente a pasillo desemb. D5A;;
582;Lector Control de Acceso T2D D 2 Acceso a plataforma Interior;;
583;Lector Control de Acceso T2D D 2 Acceso a plataforma Exterior;;
584;LeFtor Fontrol De Acceso T2D Prepuente a pasillo desemb. D2A;;
585;Lector Control de Acceso T2D pre pasarela D4   Emergencia;;
586;Lector Control de Acceso T2D D 4 Acceso a plataforma interior;;
587;Lector Control de Acceso T2D D 4 Acceso a plataforma exterior;;
588;Lector Control de Acceso T2D Prepuente a pasillo desemb. D4B;;
589;Lector Control de Acceso T2D Prepuente a pasillo desemb. D4A;;
590;Lector Control de Acceso T2D pre pasarela D6   Emergencia  ;;
591;Lector Control de Acceso T2D D 6 Acceso a plataforma interior;;
592;Lector Control de Acceso T2D D 6 Acceso a plataforma exterior;;
593;Lector Control de Acceso T2D Prepuente a pasillo desemb. D6B;;
594;Lector Control de Acceso T2D Prepuente a pasillo desemb. D6A;;
595;Lector Control de Acceso T2D  Conector T2D - T1B Lado Sur-Pon Nivel 3;;
596;Lector Control de Acceso T2D  Conector T2D - T1B Lado Nor-Pon Nivel 3;;
597;Lector Control de Acceso T2D  Conector T2D - T1B Lado Sur-Ori Nivel 3;;
598;Lector Control de Acceso T2D  Conector T2D - T1B Lado Nor-Ori Nivel 3;;
599;Lector Control de Acceso T2D Nivel 3 Escalera  Emergencia  27;;
600;Lector Control de Acceso T2D Sala CCDD  3T2DLT002 Poniente;;
601;Lector Control de Acceso T2D Sala Electrica  3T2DLT032 Poniente;;
602;Lector Control de Acceso T2D Vestibulo a Escala 019 3er Piso;;
603;Lector Control de Acceso T2D Swing Gate Emb. Lado Poniente  Nivel 3;;
604;Lector Control de Acceso T2D Swing Gate Emb. Lado Poniente  Nivel 3;;
605;Lector Control de Acceso T2D Swing Gate Emb. Lado Poniente  Nivel 3;;
606;Lector Control de Acceso T2D Conector T2D - T2M  Lado Nor-Pon Nivel 3;;
607;Lector Control de Acceso T2D Conector T2D - T2M  Lado Sur-Pon Nivel 3;;
608;Lector Control de Acceso T2D Conector T2D - T2M  Lado Nor-Ori Nivel 3;;
609;Lector Control de Acceso T2D Conector T2D - T2M  Lado Sur-Ori Nivel 3;;
610;Lector Control de Acceso T2D Nivel 3 Escalera  Emergencia  38;;
611;Lector Control de Acceso T2D Nivel 3 Escalera  Emergencia  39;;
612;Lector Control de Acceso T2D Embarque Puente D2 Lado Norte;;
613;Lector Control de Acceso T2D Embarque Puente D2 Lado Sur;;
614;Lector Control de Acceso T2D Embarque Puente D1 Lado Norte;;
615;Lector Control de Acceso T2D Embarque Puente D1 Lado Sur;;
616;Lector Control de Acceso T2D Swing Gate Emb. Lado Centro  Nivel 3;;
617;Lector Control de Acceso T2D Swing Gate Emb. Lado Centro  Nivel 3;;
618;Lector Control de Acceso T2D Swing Gate Emb. Lado Centro  Nivel 3;;
619;Lector Control de Acceso T2D Embarque Puente D3 Lado Nor-Pon;;
620;Lector Control de Acceso T2D Embarque Puente D3 Lado Sur-Pon;;
621;Lector Control de Acceso T2D Embarque Puente D3 Lado Nor-Ori;;
622;Lector Control de Acceso T2D Embarque Puente D3 Lado Sur-Ori;;
623;Lector Control de Acceso T2D Swing Gate Emb. Pte. D5 Lado Pon Nivel 3;;
624;Lector Control de Acceso T2D Swing Gate Emb. Pte. D5 Lado Ori Nivel 3;;
627;Lector Control de Acceso T2D Swing Gate Emb. Lado Oriente  Nivel 3;;
628;Lector Control de Acceso T2D Swing Gate Emb. Lado Oriente  Nivel 3;;
629;Lector Control de Acceso T2D Swing Gate Emb. Lado Oriente  Nivel 3;;
630;Lector Control de Acceso T2D Embarque Puente D4 Lado Sur-Pon;;
631;Lector Control de Acceso T2D Embarque Puente D4 Lado Nor-Pon;;
632;Lector Control de Acceso T2D Embarque Puente D4 Lado Sur-Ori;;
633;Lector Control de Acceso T2D Embarque Puente D4 Lado Nor-Ori;;
634;Lector Control de Acceso T2D Embarque Puente D5 Lado Nor-Pon;;
635;Lector Control de Acceso T2D Embarque Puente D5 Lado Sur-Pon;;
636;Lector Control de Acceso T2D Embarque Puente D5 Lado Nor-Ori;;
637;Lector Control de Acceso T2D Embarque Puente D5 Lado Sur-Ori;;
638;Lector Control de Acceso T2D Embarque Puente D6 Lado Sur-Pon;;
639;Lector Control de Acceso T2D Embarque Puente D6 Lado Nor-Pon;;
640;Lector Control de Acceso T2D Embarque Puente D6 Lado Sur-Ori;;
641;Lector Control de Acceso T2D Embarque Puente D6 Lado Nor-Ori;;
642;Lector Control de Acceso T2D Swing Gate Emb. Pte. D6 Lado Pon Nivel 3;;
643;Lector Control de Acceso T2D Swing Gate Emb. Pte. D6 Lado Ori Nivel 3;;
644;LECTOR NO ASIGNADO;;
645;LECTOR NO ASIGNADO;;
646;Lector Control de Acceso T2D Sala Electrica  3T2DLT015 Oriente;;
647;Lector Control de Acceso T2D Sala CCDD  3T2DLT017 Oriente;;
648;Lector Control de Acceso T2D  Conector T1B - T2D Lado Nor-Pon Nivel 3;;
649;Lector Control de Acceso T2D  Conector T1B - T2D Lado Sur-Pon Nivel 3;;
650;Lector Control de Acceso T2D  Conector T1B - T2D Lado Nor-Ori Nivel 3;;
651;Lector Control de Acceso T2D  Conector T1B - T2D Lado Sur-Ori Nivel 3;;
652;Lector Control de Acceso T2D Nivel 3 Escalera  Emergencia  25;;
653;Lector Control de Acceso T2D Nivel 3 Escalera  Emergencia  26;;
654;Lector Control de Acceso T2D Escala Servicio Plataforma Puente D1A;;
655;Lector Control de Acceso T2D Escala Servicio Plataforma Puente D2A;;
656;Lector Control de Acceso T2D Escala Servicio Plataforma Puente D3A;;
657;Lector Control de Acceso T2D Escala Servicio Plataforma Puente D3B;;
658;Lector Control de Acceso T2D Escala Servicio Plataforma Puente D4A;;
659;Lector Control de Acceso T2D Escala Servicio Plataforma Puente D4B;;
660;Lector Control de Acceso T2D Escala Servicio PlataformaPuente D5A;;
661;Lector Control de Acceso T2D Escala Servicio PlataformaPuente D5B;;
662;Lector Control de Acceso T2D Escala Servicio PlataformaPuente D6A;;
663;Lector Control de Acceso T2D Escala Servicio PlataformaPuente D6B;;
664;Lector Control de Acceso T2D Vestibulo a ASC 25 Nivel 3 ;;
665;Lector Control de Acceso T2D Vestibulo ASC 25 Nivel 1;;
666;Lector Control de Acceso T2D Sala de Aseo y Basuras;;
700;LECTOR CONTROL DE ACCESO T2E 1001 Sala CCDD Nivel 1T2ELT020;;
701;LECTOR CONTROL DE ACCESO T2E 1002 Sala Electrica Nivel 1T2ELT017;;
702;LECTOR CONTROL DE ACCESO T2E 1003 Sala Clima Nivel 1T2ELT015;;
703;LECTOR CONTROL DE ACCESO T2E 1004 Sub Estacion Nivel 1T2ELT004;;
704;LECTOR CONTROL DE ACCESO T2E 1005 Sub Estacion Nivel 1T2ELT004;;
705;LECTOR CONTROL DE ACCESO T2E 1008 Sala Clima Nivel 1T2ELT009;;
706;LECTOR CONTROL DE ACCESO T2E 1007 Sala Electrica Nivel 1T2ELT007;;
707;LECTOR CONTROL DE ACCESO T2E 1006 Sala de Bateria UPS  1T2ELT002;;
708;LECTOR CONTROL DE ACCESO T2E 1009 Sala Clima Nivel 1T2ELT009;;
709;LECTOR CONTROL DE ACCESO T2E 1010 Sala Electrica Nivel 1T2ELT003;;
710;LECTOR CONTROL DE ACCESO T2E 1011 Sala CCDD Nivel 1T2ELT006;;
711;LECTOR CONTROL DE ACCESO T2E 1012 Sala Clima Nivel 1T2ELT001;;
712;LECTOR CONTROL DE ACCESO T2E 1013 Sala Clima Nivel 1T2ELT001;;
713;LECTOR CONTROL DE ACCESO T2E 1015 Sala Electrica Nivel 1T2ELT036;;
714;LECTOR CONTROL DE ACCESO T2E 1016 Sala CCDD Nivel 1T2ELT033;;
715;LECTOR CONTROL DE ACCESO T2E Nivel 1 Escalera 021 Emergencia Salida Plataforma;;
716;LECTOR CONTROL DE ACCESO T2E 1014 Estacion de Bombeo Nivel 1T2ELT001;;
717;LECTOR CONTROL DE ACCESO T2E 1018 Ingreso Corredor Costado ASC 24 Nivel 1;;
718;LECTOR CONTROL DE ACCESO T2E 1019 Sala de Aseo y Basuras;;
719;LECTOR CONTROL DE ACCESO T2E 1027 Sala Electrica Fotovoltaica 1T2ELT034  Sur;;
720;LECTOR CONTROL DE ACCESO T2E 1026 Sala Electrica Fotovoltaica 1T2ELT035 Norte;;
721;LECTOR CONTROL DE ACCESO T2E 0001 Ingreso al Subterraneo Externo;;
722;LECTOR CONTROL DE ACCESO T2E 0002 Ingreso al Subterraneo Interno;;
723;LECTOR CONTROL DE ACCESO T2E 1020 PBB SALA PTE. E6  Nivel 1T2ELT020;;
724;LECTOR CONTROL DE ACCESO T2E 1021 PBB SALA PTE. E4  Nivel 1T2ELT023;;
725;LECTOR CONTROL DE ACCESO T2E 1022 PBB SALA PTE. E2  Nivel 1T2ELT024;;
726;LECTOR CONTROL DE ACCESO T2E 1023 PBB SALA PTE. E5  Nivel 1T2ELT028;;
727;LECTOR CONTROL DE ACCESO T2E 1024 PBB SALA PTE. E3  Nivel 1T2ELT030;;
728;LECTOR CONTROL DE ACCESO T2E 1025 PBB SALA PTE. E1  Nivel 1T2ELT031;;
729;LECTOR CONTROL DE ACCESO T2E 2002 E 6 a Pasillo Desembarque Nivel 2 Interior;;
730;LECTOR CONTROL DE ACCESO T2E 2001 E 6 a Pasillo Desembarque Nivel 2 Exterior;;
731;LECTOR CONTROL DE ACCESO T2E 2008 E 5 a Pasillo Desembarque Nivel 2 Interior;;
732;LECTOR CONTROL DE ACCESO T2E 2007 E 5 a Pasillo Desembarque Nivel 2 Exterior;;
733;LECTOR CONTROL DE ACCESO T2E 2009 E 3 a Pasillo Desembarque Nivel 2 Interior;;
734;LECTOR CONTROL DE ACCESO T2E 2010 E 3 a Pasillo Desembarque Nivel 2 Exterior;;
735;LECTOR CONTROL DE ACCESO T2E 2004 E 4 a Pasillo Desembarque Nivel 2 Interior;;
736;LECTOR CONTROL DE ACCESO T2E 2003 E 4 a Pasillo Desembarque Nivel 2 Exterior;;
737;LECTOR CONTROL DE ACCESO T2E 2012 E 1 a Pasillo Desembarque Nivel 2 Interior;;
738;LECTOR CONTROL DE ACCESO T2E 2011 E 1 a Pasillo Desembarque Nivel 2 Exterior;;
739;LECTOR CONTROL DE ACCESO T2E 2006 E 2 a Pasillo Desembarque Nivel 2 Interior;;
740;LECTOR CONTROL DE ACCESO T2E 2005 E 2 a Pasillo Desembarque Nivel 2 Exterior;;
741;LECTOR CONTROL DE ACCESO T2E 2017 Conector T2E - T2M Lado Sur-Ori Nivel 2;;
742;LECTOR CONTROL DE ACCESO T2E 2018 Conector T2E - T2M Lado Nor-Ori Nivel 2;;
743;LECTOR CONTROL DE ACCESO T2E 2016 Conector T2E - T2M Lado Sur-Pon Nivel 2;;
744;LECTOR CONTROL DE ACCESO T2E 2015 Conector T2E - T2M Lado Nor-Pon Nivel 2;;
745;LECTOR CONTROL DE ACCESO T2E 2014 Sala Clima Conector T2E - M Nivel 2T2ELT001 Sur;;
746;LECTOR CONTROL DE ACCESO T2E Escalera Emergencia  64  Nivel 2;;
747;LECTOR CONTROL DE ACCESO T2E 2013 Sala Clima Conector T2E - M Nivel 2T2ELT002 Norte;;
748;LECTOR CONTROL DE ACCESO T2E Escalera Emergencia  65  Nivel 2;;
749; LECTOR CONTROL DE ACCESO T2E 2021 pre pasarela E 6   PTA EMERGENCIA;;
750;LECTOR CONTROL DE ACCESO T2E 2020 E 6 Acceso Plataforma Interior;;
751;LECTOR CONTROL DE ACCESO T2E 2019 E 6 Acceso Plataforma Exterior;;
752;LECTOR CONTROL DE ACCESO T2E 2031 Pre-puente Pasillo Desembarque E6B;;
753;LECTOR CONTROL DE ACCESO T2E 2037 Pre-puente Pasillo Desembarque E6A;;
754;LECTOR CONTROL DE ACCESO T2E 2026 pre pasarela E 4  PTA EMERGENCIA;;
755;LECTOR CONTROL DE ACCESO T2E 2022 E 4 Acceso Plataforma Interior;;
756;LECTOR CONTROL DE ACCESO T2E 2021 E 4 Acceso Plataforma Exterior;;
757;LECTOR CONTROL DE ACCESO T2E 2032 Pre-puente Pasillo Desembarque E4B;;
758;LECTOR CONTROL DE ACCESO T2E 2038 Pre-puente Pasillo Desembarque E4A;;
759;LECTOR CONTROL DE ACCESO T2E 2031 pre pasarela E 2  PTA EMERGENCIA;;
760;LECTOR CONTROL DE ACCESO T2E 2024 E 2 Acceso Plataforma Interior;;
761;LECTOR CONTROL DE ACCESO T2E 2023 E 2 Acceso Plataforma Exterior;;
762;LECTOR CONTROL DE ACCESO T2E 2033 Pre-puente Pasillo Desembarque E2B;;
763;LECTOR CONTROL DE ACCESO T2E 2039 Pre-puente Pasillo Desembarque E2A;;
764;LECTOR CONTROL DE ACCESO T2E 2036 pre pasarela E5  PTA EMERGENCIA;;
765;LECTOR CONTROL DE ACCESO T2E 2025 E 5 Acceso Plataforma Interior;;
766;LECTOR CONTROL DE ACCESO T2E 2026 E 5 Acceso Plataforma Exterior;;
767;LECTOR CONTROL DE ACCESO T2E 2034 Pre-puente Pasillo Desembarque E5B;;
768;LECTOR CONTROL DE ACCESO T2E 2040 Pre-puente Pasillo Desembarque E5A;;
769;LECTOR CONTROL DE ACCESO T2E 2041 pre pasarela E 3  PTA EMERGENCIA;;
770;LECTOR CONTROL DE ACCESO T2E 2027 E 3 Acceso Plataforma Interior ;;
771;LECTOR CONTROL DE ACCESO T2E 2028 E 3 Acceso Plataforma Exterior;;
772;LECTOR CONTROL DE ACCESO T2E 2035 Pre-puente Pasillo Desembarque E3B ;;
773;LECTOR CONTROL DE ACCESO T2E 2041 Pre-puente Pasillo Desembarque E3A;;
774;LECTOR CONTROL DE ACCESO T2E 2046 pre pasarela E1  PTA EMERGENCIA;;
775;LECTOR CONTROL DE ACCESO T2E 2029 E 1 Acceso Plataforma Interior;;
776;LECTOR CONTROL DE ACCESO T2E 2030 E 1 Acceso Plataforma Exterior;;
777;LECTOR CONTROL DE ACCESO T2E 2036 Pre-puente Pasillo Desembarque E1B;;
778;LECTOR CONTROL DE ACCESO T2E 2042 Pre-puente Pasillo Desembarque E1A;;
779;LECTOR CONTROL DE ACCESO T2E 3013 Embarque Puente E6 Lado Sur-Ori;;
780;LECTOR CONTROL DE ACCESO T2E 3012 Embarque Puente E6 Lado Nor-Ori;;
781;LECTOR CONTROL DE ACCESO T2E 3010 Embarque Puente E6 Lado Sur-Pon;;
782;LECTOR CONTROL DE ACCESO T2E 3011 Embarque Puente E6 Lado Nor-Pon;;
783;LECTOR CONTROL DE ACCESO T2E 3022 Embarque Puente E5 Lado Nor-Pon;;
784;LECTOR CONTROL DE ACCESO T2E 3023 Embarque Puente E5 Lado Sur-Pon;;
785;LECTOR CONTROL DE ACCESO T2E 3025 Embarque Puente E5 Lado Nor-Ori;;
786;LECTOR CONTROL DE ACCESO T2E 3024 Embarque Puente E5 Lado Sur-Ori;;
787;LECTOR CONTROL DE ACCESO T2E 3002 Sala Electrica Nivel 3T2ELT025;;
788;LECTOR CONTROL DE ACCESO T2E 3001 Sala CCDD Nivel 3T2ELT016;;
789;LECTOR CONTROL DE ACCESO T2E 3026 Embarque Puente E3 Lado Nor-Pon;;
790;LECTOR CONTROL DE ACCESO T2E 3027 Embarque Puente E3 Lado Sur-Pon;;
791;LECTOR CONTROL DE ACCESO T2E 3029 Embarque Puente E3 Lado Nor-Ori;;
792;LECTOR CONTROL DE ACCESO T2E 3028 Embarque Puente E3 Lado Sur-Ori;;
793;LECTOR CONTROL DE ACCESO T2E 3016 Embarque Puente E4 Lado Sur-Ori;;
794;LECTOR CONTROL DE ACCESO T2E 3017 Embarque Puente E4 Lado Nor-Ori;;
795;LECTOR CONTROL DE ACCESO T2E 3014 Embarque Puente E4 Lado Sur-Pon;;
796;LECTOR CONTROL DE ACCESO T2E 3015 Embarque Puente E4 Lado Nor-Pon;;
797;LECTOR CONTROL DE ACCESO T2E 3031 Embarque Puente E1 Lado Nor-Pon;;
798;LECTOR CONTROL DE ACCESO T2E 3030 Embarque Puente E1 Lado Sur-Pon;;
799;LECTOR CONTROL DE ACCESO T2E 3033 Embarque Puente E1 Lado Nor-Ori;;
800;LECTOR CONTROL DE ACCESO T2E 3032 Embarque Puente E1 Lado Sur-Ori;;
801;LECTOR CONTROL DE ACCESO T2E 3004 Sala CCDD Nivel 3T2ELT004;;
802;LECTOR CONTROL DE ACCESO T2E 3003 Sala Electrica Nivel 3T2ELT002;;
803;LECTOR CONTROL DE ACCESO T2E 3021 Embarque Puente E2 Lado Sur-Ori;;
804;LECTOR CONTROL DE ACCESO T2E 3020 Embarque Puente E2 Lado Nor-Ori;;
805;LECTOR CONTROL DE ACCESO T2E 3019 Embarque Puente E2 Lado Sur-Pon;;
806;LECTOR CONTROL DE ACCESO T2E 3018 Embarque Puente E2 Lado Nor-Pon;;
807;LECTOR CONTROL DE ACCESO T2E 3005 Sala CCDD Nivel 3T2ELT027;;
808;LECTOR CONTROL DE ACCESO T2E 3006 Sala Electrica Nivel 3T2ELT013;;
809;LECTOR CONTROL DE ACCESO T2E 3007 Sala Electrica y CCD Costado Ascensor;;
810;LECTOR CONTROL DE ACCESO T2E 3009 Vestibulo al ASC 24 Nivel 3;;
811;LECTOR CONTROL DE ACCESO T2E 3008 Vestibulo escala emergencia Nivel 3;;
812;LECTOR CONTROL DE ACCESO T2E 3036 Conector T2E-T2M Lado Sur-Ori Nivel 3;;
813;LECTOR CONTROL DE ACCESO T2E 3037 Conector T2E-T2M Lado Nor-Ori Nivel 3;;
814;LECTOR CONTROL DE ACCESO T2E 3034 Conector T2E-T2M Lado Sur-Pon Nivel 3;;
815;LECTOR CONTROL DE ACCESO T2E 3035 Conector T2E-T2M Lado Nor-Pon Nivel 3;;
816;LECTOR CONTROL DE ACCESO T2E  Escalera Emergencia  64  Nivel 3;;
817;LECTOR CONTROL DE ACCESO T2E  Escalera Emergencia  65  Nivel 3;;
818;LECTOR CONTROL DE ACCESO T2E 2043 Escala Servicio Plataforma Puente E1A     REVISAR NOMBRES;;
819;LECTOR CONTROL DE ACCESO T2E 2044 Escala Servicio Plataforma Puente E1B;;
820;LECTOR CONTROL DE ACCESO T2E 2045 Escala Servicio Plataforma Puente E2A;;
821;LECTOR CONTROL DE ACCESO T2E 2046 Escala Servicio Plataforma Puente E2B;;
822;LECTOR CONTROL DE ACCESO T2E 2047 Escala Servicio Plataforma Puente E3A;;
823;LECTOR CONTROL DE ACCESO T2E 2048 Escala Servicio Plataforma Puente E3B;;
824;LECTOR CONTROL DE ACCESO T2E 2049 Escala Servicio Plataforma Puente E4A;;
825;LECTOR CONTROL DE ACCESO T2E 2050 Escala Servicio Plataforma Puente E4B;;
826;LECTOR CONTROL DE ACCESO T2E 2051 Escala Servicio Plataforma Puente E5A;;
827;LECTOR CONTROL DE ACCESO T2E 2052 Escala Servicio Plataforma Puente E5B;;
828;LECTOR CONTROL DE ACCESO T2E 2053 Escala Servicio Plataforma Puente E6A;;
829;LECTOR CONTROL DE ACCESO T2E 2054 Escala Servicio Plataforma Puente E6B;;
900;Lector Control De Acceso T2F Sala Clima  1T2FLT001 Oriente;;
901;Lector Control De Acceso T2F Sala Electrica  1T2FLT005  Oriente;;
902;Lector Control De Acceso T2F Sala CCDD 1T2FLT003  Oriente;;
903;Lector Control De Acceso T2F Sub Estacion  1T2FLT030 Poniente;;
904;Lector Control De Acceso T2F Sub Estacion  1T2FLT030 Oriente;;
905;Lector Control De Acceso T2F Sala Clima 1T2FLT009  Centro;;
906;Lector Control De Acceso T2F Sala Electrica  1T2FLT007  Centro;;
907;Lector Control De Acceso T2F Sala CCDD  1T2FLT011  Poniente;;
908;Lector Control De Acceso T2F Sala Electrica  1T2FLT013  Poniente;;
909;Lector Control De Acceso T2F Ingreso Vestibulo ASC 26 Nivel 1;;
910;Lector Control De Acceso T2F Sala de Aseo y Basuras;;
911;Lector Control De Acceso T2F Salida Emergencia Escala 24  Nivel 1;;
912;Lector Control De Acceso T2F Sala Clima  1T2FLT015  Poniente;;
913;Lector Control De Acceso T2F Sala Clima y Bombeo  1T2FLT038;;
914;Lector Control De Acceso T2F Sala Fotovoltaica Nivel 1T2FLT034 Sur;;
915;Lector Control De Acceso T2F Sala Fotovoltaica Nivel 1T2FLT035  Norte;;
916;Lector Control De Acceso T2F PBB  SALA PTE. F2;;
917;Lector Control De Acceso T2F PBB  SALA PTE. F4;;
918;Lector Control De Acceso T2F PBB  SALA PTE. F6;;
919;Lector Control De Acceso T2F PBB  SALA PTE. F1;;
920;Lector Control De Acceso T2F PBB  SALA PTE. F3;;
921;Lector Control De Acceso T2F PBB  SALA PTE. F5;;
922;Lector Control De Acceso T2F Pasillo desembarque  F5 Nivel 2 Norte;;
923;Lector Control De Acceso T2F Pasillo desembarque  F5 Nivel 2 Sur;;
924;Lector Control De Acceso T2F Pasillo desembarque  F6 Nivel 2 Sur;;
925;Lector Control De Acceso T2F Pasillo desembarque  F6 Nivel 2 Norte;;
926;Lector Control De Acceso T2F Pasillo desembarque  F4 Nivel 2 Sur;;
927;Lector Control De Acceso T2F Pasillo desembarque  F4 Nivel 2 Norte;;
928;Lector Control De Acceso T2F Pasillo desembarque  F3 Nivel 2 Norte;;
929;Lector Control De Acceso T2F Pasillo desembarque  F3 Nivel 2 Sur;;
930;Lector Control de Acceso T2F Conector T2F - T2M  Lado Sur-Ori Nivel 2;;
931;Lector Control de Acceso T2F Conector T2F - T2M  Lado Nor-Ori Nivel 2;;
932;Lector Control de Acceso T2F Conector T2F - T2M  Lado Sur-Pon Nivel 2;;
933;Lector Control de Acceso T2F Conector T2F - T2M  Lado Nor-Pon Nivel 2;;
934;Lector Control De Acceso T2F Pasillo desembarque  F2 Nivel 2 Sur;;
935;Lector Control De Acceso T2F Pasillo desembarque  F2 Nivel 2 Norte;;
936;Lector Control De Acceso T2F Pasillo desembarque  F1 Nivel 2 Norte;;
937;Lector Control De Acceso T2F Pasillo desembarque  F1 Nivel 2 Sur;;
938;Lector Control De Acceso T2F Sala Clima Conector T2F-T2M Nivel 2T2FLT002;;
939;Lector Control De Acceso T2F Sala Clima Conector T2F-T2M Nivel 2T2FLT003;;
940;Lector Control De Acceso T2F Nivel 2  Escalera Emergencia  41;;
941;Lector Control De Acceso T2F Nivel 2 Escalera Emergencia  40;;
942;Lector Control de Acceso T2F F2 Acceso a plataforma Interior;;
943;Lector Control de Acceso T2F F2 Acceso a plataforma Exterior;;
944;LeFtor Fontrol De Acceso T2F Prepuente a pasillo desemb. F2A;;
945;Lector Control De Acceso T2F pre pasarela F4   Emergencia;;
946;Lector Control de Acceso T2F F4 Acceso a plataforma interior;;
947;Lector Control de Acceso T2F F4 Acceso a plataforma exterior;;
948;Lector Control de Acceso T2F Prepuente a pasillo desemb. F4B;;
949;Lector Control de Acceso T2F Prepuente a pasillo desemb. F4A;;
950;Lector Control De Acceso T2F pre pasarela F6   Emergencia;;
951;Lector Control de Acceso T2F F6 Acceso a plataforma interior;;
952;Lector Control de Acceso T2F F6 Acceso a plataforma exterior;;
953;Lector Control de Acceso T2F Prepuente a pasillo desemb. F6B;;
954;Lector Control de Acceso T2F Prepuente a pasillo desemb. F6A;;
955;Lector Control de Acceso T2F F1 Acceso a plataforma Interior;;
956;Lector Control de Acceso T2F F1 Acceso a plataforma Exterior;;
957;LeFtor Fontrol De Acceso T2F Prepuente a pasillo desemb. F1A;;
958;Lector Control De Acceso T2F pre pasarela F3   Emergencia;;
959;Lector Control de Acceso T2F F3 Acceso a plataforma interior;;
960;Lector Control de Acceso T2F F3 Acceso a plataforma exterior;;
961;Lector Control de Acceso T2F Prepuente a pasillo desemb. F3B;;
962;Lector Control de Acceso T2F Prepuente a pasillo desemb. F3A;;
963;Lector Control De Acceso T2F pre pasarela F5   Emergencia;;
964;Lector Control de Acceso T2F F5 Acceso a plataforma interior;;
965;Lector Control de Acceso T2F F5 Acceso a plataforma exterior;;
966;Lector Control de Acceso T2F Prepuente a pasillo desemb. F5B;;
967;Lector Control de Acceso T2F Prepuente a pasillo desemb. F5A;;
968;Lector Control De Acceso T2F Embarque Puente F6 Lado Sur-Pon;;
969;Lector Control De Acceso T2F Embarque Puente F6 Lado Nor-Pon;;
970;Lector Control De Acceso T2F Embarque Puente F6 Lado Sur-Ori;;
971;Lector Control De Acceso T2F Embarque Puente F6 Lado Nor-Ori;;
972;Lector Control De Acceso T2F Sala Electrica  3T2FLT009  Oriente;;
973;Lector Control De Acceso T2F Sala CCDD  3T2FLT008  Oriente;;
974;Lector Control De Acceso T2F Embarque Puente F5 Lado Nor-Ori;;
975;Lector Control De Acceso T2F Embarque Puente F5 Lado Sur-Ori;;
976;Lector Control De Acceso T2F Embarque Puente F5 Lado Nor-Pon;;
977;Lector Control De Acceso T2F Embarque Puente F5 Lado Sur-Pon;;
978;Lector Control De Acceso T2F Embarque Puente F4 Lado Sur-Pon;;
979;Lector Control De Acceso T2F Embarque Puente F4 Lado Nor-Pon;;
980;Lector Control De Acceso T2F Embarque Puente F4 Lado Sur-Ori;;
981;Lector Control De Acceso T2F Embarque Puente F4 Lado Nor-Ori;;
982;Lector Control De Acceso T2F Embarque Puente F3 Lado Nor-Pon;;
983;Lector Control De Acceso T2F Embarque Puente F3 Lado Sur-Pon;;
984;Lector Control De Acceso T2F Embarque Puente F3 Lado Nor-Ori;;
985;Lector Control De Acceso T2F Embarque Puente F3 Lado Sur-Ori;;
986;Lector Control De Acceso T2F Embarque Puente F2 Lado Sur;;
987;Lector Control De Acceso T2F Embarque Puente F2 Lado Norte;;
988;Lector Control De Acceso T2F Embarque Puente F1 Lado Norte;;
989;Lector Control De Acceso T2F Embarque Puente F1 Lado Sur;;
990;Lector Control De Acceso T2F Sala CCDD  3T2FLT002  Poniente;;
991;Lector Control De Acceso T2F Sala Electrica  3T2FLT004  Poniente;;
992;Lector Control De Acceso T2F Vestibulo ASC 26 Nivel 3 ;;
993;LECTOR NO ASIGNADO;;
994;Lector Control De Acceso T2F Vestibulo a Escala 024  Nivel 3 ;;
995;Lector Control De Acceso T2F Conector T2F - T2M  Lado Sur-Ori Nivel 3;;
996;Lector Control De Acceso T2F Conector T2F - T2M  Lado Nor-Ori Nivel 3;;
997;Lector Control De Acceso T2F Conector T2F - T2M  Lado Sur-Pon Nivel 3;;
998;Lector Control De Acceso T2F Conector T2F - T2M  Lado Nor-Pon Nivel 3;;
999;Lector Control De Acceso T2F Escalera Emergencia  41  Nivel 3;;
1000;Lector Control De Acceso T2F Escalera Emergencia  40   Nivel 3;;
1001;Lector Control De Acceso T2F Escala Servicio Plataforma Puente F1A;;
1002;Lector Control De Acceso T2F Escala Servicio Plataforma Puente F2A;;
1003;Lector Control De Acceso T2F Escala Servicio Plataforma Puente F3A;;
1004;Lector Control De Acceso T2F Escala Servicio Plataforma Puente F3B;;
1005;Lector Control De Acceso T2F Escala Servicio Plataforma Puente F4A;;
1006;Lector Control De Acceso T2F Escala Servicio Plataforma Puente F4B;;
1007;Lector Control De Acceso T2F Escala Servicio PlataformaPuente F5A;;
1008;Lector Control De Acceso T2F Escala Servicio PlataformaPuente F5B;;
1009;Lector Control De Acceso T2F Escala Servicio PlataformaPuente F6A;;
1010;Lector Control De Acceso T2F Escala Servicio PlataformaPuente F6B;;
1011;LECTOR NO ASIGNADO;;
1012;Lector Control De Acceso T2F Acceso a subterráneo interno;;
1013;Lector Control De Acceso T2F Acceso a subterráneo externo;;
1100;Lector Control De Acceso T1A Salida de Emergencia a plataforma Escala X;;
1101;Lector Control De Acceso T1A Sala Electrica  1T1ALT;;
1102;Lector Control De Acceso T1A NIvel 1 Entrada Escala Emergencia ;;
1103;Lector Control De Acceso T1A Sub Estacion Electrica  1T1ALT;;
1104;Lector Control De Acceso T1A Sala Electrica  1T1ALT;;
1105;Lector Control De Acceso T1A Sala Electrica  1T1ALT;;
1106;Lector Control De Acceso T1A Sala Electrica  PBB4  1T1ALT;;
1107;Lector Control De Acceso T1A Sala Electrica  PBB2  1T1ALT;;
1108;LECTOR NO ASIGNADO;;
1109;Lector Control De Acceso T1A Sala Electrica  PBB1  1T1ALT;;
1110;Lector Control De Acceso T1A Sala Electrica  PBB3  1T1ALT;;
1111;Lector Control De Acceso T1A  Puerta Embarque PBB 3 Poniente;;
1112;LECTOR NO ASIGNADO;;
1113;Lector Control De Acceso T1A  Puerta Embarque PBB 3 Oriente;;
1114;LECTOR NO ASIGNADO;;
1115;Lector Control De Acceso T1A  Puerta Embarque PBB 1 Poniente;;
1116;LECTOR NO ASIGNADO;;
1117;Lector Control De Acceso T1A  Puerta Embarque PBB 1 Oriente;;
1118;LECTOR NO ASIGNADO;;
1119;Lector Control De Acceso T1A  Puerta Embarque PBB 4 Oriente;;
1120;LECTOR NO ASIGNADO;;
1121;Lector Control De Acceso T1A  Puerta Embarque PBB 4 Poniente;;
1122;Lector Control De Acceso T1A Sala CCDD  2T1ALT;;
1123;Lector Control De Acceso T1A Sala Electrica  2T1ALT;;
1124;Lector Control De Acceso T1A Sala CCDD  2T1ALT;;
1125;LECTOR NO ASIGNADO;;
1126;Lector Control De Acceso T1A Sala CCDD  2T1ALT;;
1127;Lector Control De Acceso T1A Ingreso vestibulo Escala Emergencia;;
1128;LECTOR NO ASIGNADO;;
1129;Lector Control De Acceso T1A  Puerta Embarque PBB 2 Oriente;;
1130;LECTOR NO ASIGNADO;;
1131;Lector Control De Acceso T1A  Puerta Embarque PBB 2 Poniente;;
1132;Lector Control De Acceso T1A Sala Clima   2T1ALT;;
1133;Lector Control De Acceso T1A Sala Clima   2T1ALT;;
1134;Lector Control De Acceso T1A  Acceso a plataforma Exterior  PBB4;;
1135;Lector Control De Acceso T1A  Acceso a plataforma Interior  PBB4;;
1136;Lector Control De Acceso T1A  Prepuente a pasillo desemb. PBB4B;;
1137;Lector Control De Acceso T1A  Prepuente a pasillo desemb. PBB4A;;
1138;Lector Control De Acceso T1A  Acceso a plataforma Exterior  PBB2;;
1139;Lector Control De Acceso T1A  Acceso a plataforma Interior  PBB2;;
1140;Lector Control De Acceso T1A  Prepuente a pasillo desemb. PBB2B;;
1141;Lector Control De Acceso T1A  Prepuente a pasillo desemb. PBB2A;;
1142;Lector Control De Acceso T1A  Acceso a plataforma Exterior  PBB3;;
1143;Lector Control De Acceso T1A  Acceso a plataforma Interior  PBB3;;
1144;Lector Control De Acceso T1A  Prepuente a pasillo desemb. PBB3A;;
1145;Lector Control De Acceso T1A  Prepuente a pasillo desemb. PBB3B;;
1146;Lector Control De Acceso T1A  Acceso a plataforma Exterior  PBB1;;
1147;Lector Control De Acceso T1A  Acceso a plataforma Interior  PBB1;;
1148;Lector Control De Acceso T1A  Prepuente a pasillo desemb. PBB1A;;
1149;Lector Control De Acceso T1A  Prepuente a pasillo desemb. PBB1B;;
1150;Lector Control De Acceso T1A Sala Clima   3T1ALT;;
1151;Lector Control De Acceso T1A Ingreso Sala Clima Sobre PBB2;;
1152;Lector Control De Acceso T1A Ingreso Sala Clima Sobre PBB4;;
1153;Lector Control De Acceso T1A Ingreso Sala Clima Sobre PBB1;;
1154;Lector Control De Acceso T1A Ingreso Sala Clima Sobre PBB3;;
1155;Lector Control De Acceso T1A Ingreso vestibulo Escala Emergencia;;
1156;VER UBICACIÓN;;
1157;VER UBICACIÓN;;
1500;LECTOR DE CONTROL DE ACCESO T2M Oficina Apoyo Manejo Equipaje;;
1501;LECTOR DE CONTROL DE ACCESO T2M  Sala Matrices ST2MLT023 Nor-Pon;;
1502;LECTOR DE CONTROL DE ACCESO T2M  Sala CCDD  ST2MLT024  Nor-Pon;;
1503;LECTOR DE CONTROL DE ACCESO T2M  Lector Emergencia a Escala 15;;
1504;LECTOR DE CONTROL DE ACCESO T2M  Lector Vestibulo a Escala Emergencia 15;;
1505;LECTOR DE CONTROL DE ACCESO T2M  Ingreso a sala revisión CBRA;;
1506;LECTOR DE CONTROL DE ACCESO T2M  Ingreso a sala revisión CBRA;;
1507;LECTOR DE CONTROL DE ACCESO T2M  Sala Electrica  ST2MLT017  Nor-Pon;;
1508;LECTOR DE CONTROL DE ACCESO T2M  Ingreso Sala Clima  ST2MLT016  Poniente;;
1509;LECTOR DE CONTROL DE ACCESO T2M  Ingreso Sala Bombeo  ST2MLT035  Poniente;;
1510;LECTOR DE CONTROL DE ACCESO T2M  Ingreso Sala Bombeo  ST2MLT034  Oriente;;
1511;LECTOR DE CONTROL DE ACCESO T2M  Ingreso Sala Clima  ST2MLT013  Oriente;;
1512;LECTOR DE CONTROL DE ACCESO T2M  Sala Electrica  ST2MLT027  Nor-Ori;;
1513;LECTOR DE CONTROL DE ACCESO T2M  Sala CCDD  ST2MLT030  Nor-Ori;;
1514;LECTOR DE CONTROL DE ACCESO T2M  Sala Bombas Agua Potable ST2MLT029;;
1515;LECTOR DE CONTROL DE ACCESO T2M  Lector Emergencia a Escala 04;;
1516;LECTOR DE CONTROL DE ACCESO T2M  Lector Vestibulo a Escala Emergencia 04;;
1517;LECTOR DE CONTROL DE ACCESO T2M  Lector Sala Bombas  ST2MLT011  Oriente;;
1518;LECTOR DE CONTROL DE ACCESO T2M  Ingreso Sala Clima  ST2MLT009  Poniente;;
1519;LECTOR DE CONTROL DE ACCESO T2M  Ingreso Sala OSR  ;;
1520;LECTOR DE CONTROL DE ACCESO T2M  Sala Matrices ST2MLT037  Sur-Pon;;
1521;LECTOR DE CONTROL DE ACCESO T2M  Sala CCDD  ST2MLT026 Sur- Pon;;
1522;LECTOR DE CONTROL DE ACCESO T2M  Sala Electrica  ST2MLT019  Sur-Pon;;
1523;LECTOR DE CONTROL DE ACCESO T2M  Lector Ingreso a Escala 13 Exterior;;
1524;LECTOR DE CONTROL DE ACCESO T2M  Lector Escala 13 Interior;;
1525;LECTOR DE CONTROL DE ACCESO T2M  Lector Ingreso Vestibulo Ascensor 15;;
1526;LECTOR DE CONTROL DE ACCESO T2M  Lector Ingreso Sala Revision  RX  Nor-Pon;;
1527;LECTOR DE CONTROL DE ACCESO T2M  Lector Ingreso Sala Revision  RX  Nor-Pon;;
1528;LECTOR DE CONTROL DE ACCESO T2M  Lector Ingreso Sala Revision  RX  Sur-Pon;;
1529;LECTOR DE CONTROL DE ACCESO T2M  Lector Ingreso Sala Revision  RX  Sur-Pon;;
1530;LECTOR DE CONTROL DE ACCESO T2M  Lector Ingreso Sala Revision  RX  Nor-Ori;;
1531;LECTOR DE CONTROL DE ACCESO T2M  Lector Ingreso Sala Revision  RX  Nor-Ori;;
1532;LECTOR DE CONTROL DE ACCESO T2M  Lector Ingreso a Escala 06 Exterior;;
1533;LECTOR DE CONTROL DE ACCESO T2M  Lector Escala 06 Interior;;
1534;LECTOR DE CONTROL DE ACCESO T2M  Lector Ingreso Vestibulo Ascensor 08;;
1535;LECTOR DE CONTROL DE ACCESO T2M  Lector Ingreso Sala Revision  RX  Sur-Ori;;
1536;LECTOR DE CONTROL DE ACCESO T2M  Lector Ingreso Sala Revision  RX  Sur-Ori;;
1537;LECTOR DE CONTROL DE ACCESO T2M  Sala Electrica  ST2MLT020  Sur-Ori;;
1538;LECTOR DE CONTROL DE ACCESO T2M  Sala CCDD  ST2MLT006 Sur- Ori;;
1539;LECTOR DE CONTROL DE ACCESO T2M  Sala Matrices ST2MLT036 Sur-Ori;;
1540;LECTOR DE CONTROL DE ACCESO T2M  Ingreso Sala Clima  ST2MLT001  Oriente;;
1541;LECTOR DE CONTROL DE ACCESO T2M  Sub Estacion T2M-AB  1T2MLT037  Exterior;;
1542;LECTOR DE CONTROL DE ACCESO T2M  Sub Estacion T2M-AB  1T2MLT037  Interior;;
1543;LECTOR DE CONTROL DE ACCESO T2M  Sub Estacion T2M-AB  1T2MLT037  Pasillo;;
1544;LECTOR DE CONTROL DE ACCESO T2M Sala Electrica  1T2MLT038  Pasillo Nor-Pon;;
1545;LECTOR DE CONTROL DE ACCESO T2M Pasillo Proveedores Poniente Centro;;
1546;LECTOR DE CONTROL DE ACCESO T2M Pasillo Proveedores Poniente Centro  Interior;;
1547;LECTOR DE CONTROL DE ACCESO T2M Sala de Aseo y Basuras Interior;;
1548;LECTOR DE CONTROL DE ACCESO T2M Sala de Aseo y Basuras Exterior-Pasillo;;
1549;LECTOR DE CONTROL DE ACCESO T2M Sala CCDD  1T2MLT024  Nor-Pon;;
1550;LECTOR DE CONTROL DE ACCESO T2M Lector Emergencia Pasillo Basura y reciclaje;;
1551;LECTOR DE CONTROL DE ACCESO T2M Lector Emergencia Vestibulo Ascensor  16;;
1552;LECTOR DE CONTROL DE ACCESO T2M Lector Emergencia Cinta Retiro Equipaje Poniente;;
1553;LECTOR DE CONTROL DE ACCESO T2M Lector Emergencia Pasillo Proveedores Poniente - Norte;;
1554;LECTOR DE CONTROL DE ACCESO T2M  Oficina SAG Mascotas Pasillo;;
1555;LECTOR DE CONTROL DE ACCESO T2M  Oficina SAG Mascotas Interior;;
1556;LECTOR DE CONTROL DE ACCESO T2M Ingreso Pasillo Proveedores lado Norte;;
1557;LECTOR DE CONTROL DE ACCESO T2M Ingreso Pasillo Proveedores lado Norte Interior;;
1558;LECTOR DE CONTROL DE ACCESO T2M Sala Electrica  1T2MLT030  Pasillo Proveedores Nor-Pon;;
1559;LECTOR DE CONTROL DE ACCESO T2M Sala Electrica  1T2MLT031  Pasillo Aduana-SAG Oriente;;
1560;LECTOR DE CONTROL DE ACCESO T2M Lector Interior Oficina Equipaje Perdido;;
1561;LECTOR DE CONTROL DE ACCESO T2M Lector Pasillo Oficina Equipaje Perdido;;
1562;LECTOR DE CONTROL DE ACCESO T2M Pasillo Proveedores Oriente Norte;;
1563;LECTOR DE CONTROL DE ACCESO T2M Pasillo Proveedores Oriente Sur;;
1564;LECTOR DE CONTROL DE ACCESO T2M Pasillo Oficinas ADUANA-SAG  Interior;;
1565;LECTOR DE CONTROL DE ACCESO T2M Pasillo Oficinas ADUANA-SAG  Pasillo;;
1566;LECTOR DE CONTROL DE ACCESO T2M Salida Emergencia Bodega Articulos Retenidos Aduana;;
1567;LECTOR DE CONTROL DE ACCESO T2M Oficina Maquina de Rayos Oversize;;
1568;LECTOR DE CONTROL DE ACCESO T2M Lector Emergencia Cinta Retiro Equipaje Oriente;;
1569;LECTOR NO ASIGNADO;;
1570;LECTOR NO ASIGNADO;;
1571;LECTOR DE CONTROL DE ACCESO T2M Lector Emergencia Pasillo Proveedores  Oriente- Norte;;
1572;LECTOR DE CONTROL DE ACCESO T2M  Acceso Pasillo ingreso Sub Estación Interior;;
1573;LECTOR DE CONTROL DE ACCESO T2M  Acceso Pasillo ingreso Sub Estación Exterior;;
1574;LECTOR DE CONTROL DE ACCESO T2M  Acceso Sala medidores de Gas 1T2MLT034;;
1575;LECTOR DE CONTROL DE ACCESO T2M Lector Emergencia Salida Pasillo Sub Estación T2MC;;
1576;LECTOR DE CONTROL DE ACCESO T2M Lector Emergencia salida Escala 04;;
1577;LECTOR DE CONTROL DE ACCESO T2M Lector Operación y Mantenimiento Sala Clima;;
1578;LECTOR DE CONTROL DE ACCESO T2M Acceso Sala Control  CCO  Pasillo Norte;;
1579;LECTOR DE CONTROL DE ACCESO T2M Lector Sala Control  CCO  Interior ;;
1580;LECTOR DE CONTROL DE ACCESO T2M Lector Emergencia Cinta Retiro Equipaje Nor - Oriente;;
1581;LECTOR DE CONTROL DE ACCESO T2M Acceso Sala Control  CCO  Pasillo Sur;;
1582;LECTOR DE CONTROL DE ACCESO T2M Lector Sala Control  CCO  Interior ;;
1583;LECTOR DE CONTROL DE ACCESO T2M Acceso Sala Principal Servidores  1T2MLT017;;
1584;LECTOR DE CONTROL DE ACCESO T2M Lector Sala Extinción;;
1585;LECTOR DE CONTROL DE ACCESO T2M  Lector a Pasillo Ingreso Sub Estacion T2M-C   Interior;;
1586;LECTOR DE CONTROL DE ACCESO T2M Ingreso a Sub Estacion T2M-C  desde Pasillo Exterior;;
1587;LECTOR DE CONTROL DE ACCESO T2M  Sub Estacion T2M-C 1T2MLT016  Exterior;;
1588;LECTOR DE CONTROL DE ACCESO T2M  Sub Estacion T2M-C 1T2MLT016  Interior;;
1589;LECTOR DE CONTROL DE ACCESO T2M Sala Clima  Conector  1T2MLT040 Nor-Pon;;
1590;LECTOR DE CONTROL DE ACCESO T2M Sala Clima  Conector  1T2MLT040 Sur-Pon;;
1591;LECTOR DE CONTROL DE ACCESO T2M Acceso  a salones Protocolo Lado Sur;;
1592;LECTOR DE CONTROL DE ACCESO T2M Lector Emergencia Corredor SAG Poniente;;
1593;LECTOR DE CONTROL DE ACCESO T2M Lector Emergencia Corredor Protocolo Sur - Poniente;;
1594;LECTOR DE CONTROL DE ACCESO T2M Nivel 1 Salida Emergencia Escalera  10 a Pasillo Protocolo;;
1595;LECTOR DE CONTROL DE ACCESO T2M Salida Oficina SAG a Corredor Aduana  Interior  ;;
1596;LECTOR DE CONTROL DE ACCESO T2M Pasillo ingreso a Corredor Oficina SAG  Sur-Pon;;
1597;LECTOR DE CONTROL DE ACCESO T2M Lector Emergencia Corredor Aduana Sur -Poniente;;
1598;LECTOR DE CONTROL DE ACCESO T2M Nivel 1 Salida Emergencia Casetas PDI Pasaporte Poniente;;
1599;LECTOR DE CONTROL DE ACCESO T2M Nivel 1 Salida Emergencia Casetas PDI Pasaporte Poniente;;
1600;LECTOR DE CONTROL DE ACCESO T2M Retiro de  equipaje a Pasillo Proveedores Poniente;;
1601;LECTOR DE CONTROL DE ACCESO T2M Pasillo Proveedores Poniente a Cinta Retiro equipaje;;
1602;LECTOR DE CONTROL DE ACCESO T2M Lector sala técnica CCDD Poniente;;
1603;LECTOR DE CONTROL DE ACCESO T2M Lector Emergencia Pasillo Proveedores Pon. Centro;;
1604;LECTOR DE CONTROL DE ACCESO T2M Lector Emergencia Pasillo Proveedores Pon. Sur;;
1605;LECTOR DE CONTROL DE ACCESO T2M Ingreso Pasillo Proveedores Poniente lado Exterior;;
1606;LECTOR DE CONTROL DE ACCESO T2M Salida Pasillo Proveedores Poniente lado interior;;
1607;LECTOR DE CONTROL DE ACCESO T2M AVSEC Pasillo Salida a Pasillo Proveedores Interior;;
1608;LECTOR DE CONTROL DE ACCESO T2M Salida a Exterior Pasillo Protocolo lado Nor-Pon;;
1609;LECTOR DE CONTROL DE ACCESO T2M Ingreso a Pasillo Protocolo Exterior lado Nor-Pon;;
1610;LECTOR DE CONTROL DE ACCESO T2M Ingreso Sala Electrica  1T2MLT010  Poniente;;
1611;LECTOR DE CONTROL DE ACCESO T2M Salida a Patio Proveedores Poniente desde Pasillo Aduana;;
1612;LECTOR DE CONTROL DE ACCESO T2M Salida a Patio Proveedores Poniente desde Pasillo Protocolo;;
1613;LECTOR DE CONTROL DE ACCESO T2M Ingreso Corredor Protocolo desde Pasillo corredor Aduana;;
1614;LECTOR DE CONTROL DE ACCESO T2M Ingreso a Pasillo Oficinas Aduana Oriente;;
1615;LECTOR DE CONTROL DE ACCESO T2M Salida de Pasillo Oficinas Aduana Interior;;
1616;LECTOR DE CONTROL DE ACCESO T2M Salida Escala  13 a Pasillo Lado Poniente Interior;;
1617;LECTOR DE CONTROL DE ACCESO T2M Ingreso Escala 13 Lado Poniente Pasillo;;
1618;LECTOR DE CONTROL DE ACCESO T2M Salida Emergencia Escala 13 Nivel 1 a Pasillo Aduana;;
1619;LECTOR DE CONTROL DE ACCESO T2M  Salida a Corredor Aduana desde Dutty Free ;;
1620;LECTOR DE CONTROL DE ACCESO T2M  Ingreso a Dutty Free desde Corredor Aduana;;
1621;LECTOR DE CONTROL DE ACCESO T2M  Sala Electrica  1T2MLT046  Pasillo Sur-Poniente;;
1622;LECTOR DE CONTROL DE ACCESO T2M  Sala CCDD  1T2MLT035  Sur-Poniente;;
1623;LECTOR DE CONTROL DE ACCESO T2M  Ingreso desde Corredor Aduana  a Caseta Inmigracion;;
1624;LECTOR DE CONTROL DE ACCESO T2M  Salida Caseta Inmigracion a Pasillo Aduana Lado Poniente;;
1625;LECTOR DE CONTROL DE ACCESO T2M Ingreso Oficina CCTV  Aduana - SAG;;
1626;LECTOR DE CONTROL DE ACCESO T2M Ingreso Oficina frente Sala Clima 1T2M015;;
1627;LECTOR DE CONTROL DE ACCESO T2M Sala Clima  1T2MLT015 Oriente;;
1628;LECTOR DE CONTROL DE ACCESO T2M Ingreso Pasillo Proveedores Oriente a Cinta  equipaje;;
1629;LECTOR DE CONTROL DE ACCESO T2M Salida Cinta  equipaje a Pasillo Proveedores Oriente;;
1630;LECTOR DE CONTROL DE ACCESO T2M Lector sala técnica CCDD Oriente;;
1631;LECTOR DE CONTROL DE ACCESO T2M Lector Emergencia Pasillo Proveedores Oriente - Centro;;
1632;LECTOR DE CONTROL DE ACCESO T2M Lector Emergencia Pasillo Proveedores Oriente - Sur;;
1633;LECTOR DE CONTROL DE ACCESO T2M Salida desde Pasillo interior a Patio Proveedores Oriente;;
1634;LECTOR DE CONTROL DE ACCESO T2M Ingreso Pasillo Proveedores Oriente lado Exterior;;
1635;LECTOR DE CONTROL DE ACCESO T2M Salida Pasillo PDI a Pasillo Proveedores Oriente Interior;;
1636;LECTOR DE CONTROL DE ACCESO T2M Ingreso Sala Electrica  1T2MLT032  Oriente;;
1637;LECTOR DE CONTROL DE ACCESO T2M Acceso Sala Secundaria Servidores Pasillo;;
1638;LECTOR DE CONTROL DE ACCESO T2M  Ingreso desde Pasillo  Sub Estación T2M-D  ;;
1639;LECTOR DE CONTROL DE ACCESO T2M Ingreso Sala Secundaria Servidores por proveedores Oriente;;
1640;LECTOR DE CONTROL DE ACCESO T2M Ingreso Sub estación T2M - D  lado calle proveedores Oriente;;
1641;LECTOR DE CONTROL DE ACCESO T2M Ingreso a Corredor LT desde Patio Proveedores Oriente;;
1642;LECTOR DE CONTROL DE ACCESO T2M Ingreso a sala Operación y mantenimiento Clima Lado Oriente;;
1643;LECTOR DE CONTROL DE ACCESO T2M Salida Emergencia ESC 06 a Corredor PDI;;
1644;LECTOR DE CONTROL DE ACCESO T2M Salida ESC 06 a Pasillo Corredor LT Interior;;
1645;LECTOR DE CONTROL DE ACCESO T2M Ingreso a Escala 06 Lado Oriente;;
1646;LECTOR DE CONTROL DE ACCESO T2M Lector Corredor PDI lado Sur-Ori;;
1647;LECTOR DE CONTROL DE ACCESO T2M Lector Ingreso a Corredor PDI lado Sur-Ori;;
1648;LECTOR DE CONTROL DE ACCESO T2M Ingreso desde Control Inmigración a Dutty Free  Oriente;;
1649;LECTOR DE CONTROL DE ACCESO T2M Ingreso desde Dutty Free a Control Inmigración  Oriente;;
1650;LECTOR DE CONTROL DE ACCESO T2M Nivel 1 Salida Emergencia Escalera  07;;
1651;LECTOR NO ASIGNADO;;
1652;LECTOR DE CONTROL DE ACCESO T2M Nivel 1 Salida Emergencia Oficinas BIPA  Oriente;;
1653;LECTOR DE CONTROL DE ACCESO T2M Nivel 1 Salida Emergencia Oficinas PDI Sur;;
1654;LECTOR DE CONTROL DE ACCESO T2M Nivel 1 Salida Emergencia Casetas PDI Pasaporte Oriente;;
1655;LECTOR DE CONTROL DE ACCESO T2M Nivel 1 Salida Emergencia Casetas PDI Pasaporte Oriente;;
1656;LECTOR DE CONTROL DE ACCESO T2M Nivel 1 Salida Emergencia Casetas PDI Pasaporte Oriente;;
1657;LECTOR DE CONTROL DE ACCESO T2M Nivel 1 Salida Emergencia Casetas PDI Pasaporte Oriente;;
1658;LECTOR DE CONTROL DE ACCESO T2M Nivel 1 Salida Emergencia Casetas PDI Pasaporte Oriente;;
1659;LECTOR DE CONTROL DE ACCESO T2M Nivel 1 Salida Emergencia Casetas PDI Pasaporte Oriente;;
1660;LECTOR DE CONTROL DE ACCESO T2M Lector Ingreso Sur-Ori  Casetas Inmigración costado ESC 12;;
1661;LECTOR DE CONTROL DE ACCESO T2M Ingreso Oficina Informática PDI ;;
1662;LECTOR DE CONTROL DE ACCESO T2M Ingreso Sala Servidores PDI ;;
1663;LECTOR DE CONTROL DE ACCESO T2M Salida a Pasillo Publico PDI ;;
1664;LECTOR DE CONTROL DE ACCESO T2M Ingreso desde Pasillo Publico PDI  ;;
1665;LECTOR DE CONTROL DE ACCESO T2M Sala Clima  Conector  1T2MLT045  Nor-Ori;;
1666;LECTOR DE CONTROL DE ACCESO T2M Sala Clima  Conector  1T2MLT045  Sur-Ori;;
1667;LECTOR DE CONTROL DE ACCESO T2M  Ingreso Sala Clima  2T2MLT017  Nor-Pon;;
1668;LECTOR DE CONTROL DE ACCESO T2M  Sala Electrica  2T2MLT015  Nor-Pon;;
1669;LECTOR DE CONTROL DE ACCESO T2M  Lector Emergencia salida Escala 85;;
1670;LECTOR DE CONTROL DE ACCESO T2M  Ingreso Sala Clima  2T2MLT017  Nor-Ori;;
1671;LECTOR DE CONTROL DE ACCESO T2M  Sala Electrica  2T2MLT016  Nor-Ori;;
1672;LECTOR DE CONTROL DE ACCESO T2M  Lector Emergencia salida Escala 86;;
1673;LECTOR DE CONTROL DE ACCESO T2M  Sala Electrica  2T2MLT019  Poniente;;
1674;LECTOR DE CONTROL DE ACCESO T2M  Lector vestibulo a Sala Electrica  2T2MLT019  ;;
1675;LECTOR DE CONTROL DE ACCESO T2M  Lector vestibulo a Sala Clima  2T2MLT030;;
1676;LECTOR DE CONTROL DE ACCESO T2M  Ingreso Sala Clima  2T2MLT030  Poniente;;
1677;LECTOR DE CONTROL DE ACCESO T2M  Sala Electrica  2T2MLT013  Poniente;;
1678;LECTOR DE CONTROL DE ACCESO T2M  Ingreso revisión Aduana-SAG Protocolo;;
1679;LECTOR DE CONTROL DE ACCESO T2M Lector Emergencia Salida Transito Inter AVSEC;;
1680;LECTOR DE CONTROL DE ACCESO T2M  Lector Salida Emergencia a Escala 10;;
1681;LECTOR DE CONTROL DE ACCESO T2M  Sala CCDD  2T2MLT014  Poniente;;
1682;LECTOR DE CONTROL DE ACCESO T2M  Salida Emergencia Transito AVSEC a Escala 14;;
1683;LECTOR DE CONTROL DE ACCESO T2M  Sala CCDD costado Sala Revisión CCTV AVSEC;;
1684;LECTOR DE CONTROL DE ACCESO T2M  Salida desde Sala Clima  2T2MLT008  Poniente;;
1685;LECTOR DE CONTROL DE ACCESO T2M  Ingreso Sala Clima  2T2MLT008  Poniente;;
1686;LECTOR DE CONTROL DE ACCESO T2M  Salida de Emergencia Escala 13;;
1687;LECTOR DE CONTROL DE ACCESO T2M  Sala Electrica  2T2MLT020  Oriente;;
1688;LECTOR DE CONTROL DE ACCESO T2M  Lector vestibulo a Sala Electrica  2T2MLT020;;
1689;LECTOR DE CONTROL DE ACCESO T2M  Ingreso Sala Clima  2T2MLT002  Oriente;;
1690;LECTOR DE CONTROL DE ACCESO T2M  Salida areciprocidad desde pasillo interior Pon.;;
1691;LECTOR DE CONTROL DE ACCESO T2M  Ingreso a pasillo interior desde reciprocidad Pon.;;
1692;LECTOR DE CONTROL DE ACCESO T2M  Sala CCDD  2T2MLT031  Oriente;;
1693;LECTOR DE CONTROL DE ACCESO T2M  Sala Electrica  2T2MLT029  Oriente;;
1694;LECTOR DE CONTROL DE ACCESO T2M Lector Emergencia salida Escala 06;;
1695;LECTOR DE CONTROL DE ACCESO T2M Lector a Escala Emergencia 06 desde Of. compañias;;
1696;LECTOR DE CONTROL DE ACCESO T2M  Ingreso Sala Clima  2T2MLT023  Oriente;;
1697;LECTOR DE CONTROL DE ACCESO T2M  Ingreso a  Pasillo PDI Segundo Nivel;;
1698;LECTOR DE CONTROL DE ACCESO T2M  Salida desde  Pasillo PDI Segundo Nivel;;
1699;LECTOR DE CONTROL DE ACCESO T2M  Ingreso a  Pasillo PDI Sala Descanso y vestidores;;
1700;LECTOR DE CONTROL DE ACCESO T2M  Salida desde  Pasillo PDI Sala Descanso y vestidores;;
1701;LECTOR DE CONTROL DE ACCESO T2M  Ingreso a  Pasillo interior desde Reciprocidad;;
1702;LECTOR DE CONTROL DE ACCESO T2M  Salida a  Reciprocidad desde Pasillo Interior;;
1703;LECTOR DE CONTROL DE ACCESO T2M  Sala CCDD  3T2MLT056  Nor-Poniente;;
1704;LECTOR DE CONTROL DE ACCESO T2M  Sala Electrica  3T2MLT037  Nor-Poniente;;
1705;LECTOR DE CONTROL DE ACCESO T2M  Lector Ingreso Corredor lado Nor-Poniente;;
1706;LECTOR DE CONTROL DE ACCESO T2M  Lector Salida Corredor lado Nor-Poniente;;
1707;LECTOR DE CONTROL DE ACCESO T2M  Salida Emergencia a Corredor Poniente  Centro;;
1708;LECTOR DE CONTROL DE ACCESO T2M  Salida Emergencia a Corredor Poniente  Sur;;
1709;LECTOR DE CONTROL DE ACCESO T2M  Salida Emergencia a Corredor Poniente  Norte;;
1710;LECTOR DE CONTROL DE ACCESO T2M  Sala CCDD  3T2MLT034  Nor-Centro;;
1711;LECTOR DE CONTROL DE ACCESO T2M  Sala Electrica  3T2MLT035  Nor-Centro;;
1712;LECTOR DE CONTROL DE ACCESO T2M  Ingreso Sala Clima  3T2MLT025  Nor-Pon;;
1713;LECTOR DE CONTROL DE ACCESO T2M  Sala Electrica  3T2MLT023  Nor-Poniente;;
1714;LECTOR DE CONTROL DE ACCESO T2M  Sala CCDD  3T2MLT024  Nor-Poniente;;
1715;LECTOR DE CONTROL DE ACCESO T2M  Salida Emergencia a Escala 85;;
1716;LECTOR DE CONTROL DE ACCESO T2M  Sala CCDD  3T2MLT045  Nor-Oriente;;
1717;LECTOR DE CONTROL DE ACCESO T2M  Sala Electrica  3T2MLT036  Nor-Oriente;;
1718;LECTOR DE CONTROL DE ACCESO T2M  Lector Ingreso Equipaje Sobre dimenciones;;
1719;LECTOR DE CONTROL DE ACCESO T2M  Lector Salida Equipaje Sobre dimenciones;;
1720;LECTOR DE CONTROL DE ACCESO T2M  Lector Ingreso Corredor lado Nor-Oriente;;
1721;LECTOR DE CONTROL DE ACCESO T2M  Lector Salida Corredor lado Nor-Oriente;;
1722;LECTOR DE CONTROL DE ACCESO T2M  Salida Emergencia a Corredor Oriente  Norte;;
1723;LECTOR NO ASIGNADO;;
1724;LECTOR DE CONTROL DE ACCESO T2M  Salida Emergencia a Escala 86;;
1725;LECTOR DE CONTROL DE ACCESO T2M  Sala Electrica  3T2MLT038  Nor-Oriente;;
1726;LECTOR DE CONTROL DE ACCESO T2M  Sala CCDD  3T2MLT057  Nor-Oriente;;
1727;LECTOR DE CONTROL DE ACCESO T2M  Sala CCDD  3T2MLT008  Sur-Poniente;;
1728;LECTOR DE CONTROL DE ACCESO T2M  Sala Electrica  3T2MLT007  Sur-Poniente;;
1729;LECTOR DE CONTROL DE ACCESO T2M  Ingreso a Protocolo AVSEC tercer Nivel;;
1730;LECTOR DE CONTROL DE ACCESO T2M  Salida Emergencia a Escala 10;;
1731;LECTOR DE CONTROL DE ACCESO T2M  Ingreso a corredor desde Escala 13 Interior;;
1732;LECTOR DE CONTROL DE ACCESO T2M  Ingreso a Escala 13 desde corredor;;
1733;LECTOR DE CONTROL DE ACCESO T2M  Ingreso a Corredor laso Sur-Pon;;
1734;LECTOR DE CONTROL DE ACCESO T2M  Ingreso a zona Embarque desde corredor Pon.;;
1735;LECTOR DE CONTROL DE ACCESO T2M  Lector  Corredor lado Centro-Poniente;;
1736;LECTOR DE CONTROL DE ACCESO T2M  Lector  Corredor lado Centro-Poniente;;
1737;LECTOR NO ASIGNADO;;
1738;LECTOR DE CONTROL DE ACCESO T2M  Lector  Ingreso Oficina Supervisión AVSEC;;
1739;LECTOR DE CONTROL DE ACCESO T2M  Lector  Ingreso Sala CCTV  AVSEC;;
1740;LECTOR DE CONTROL DE ACCESO T2M  Salida Emergencia a Escala 14;;
1741;LECTOR DE CONTROL DE ACCESO T2M  Lector  Ingreso Sala CCDD  Sur-Pon;;
1742;LECTOR DE CONTROL DE ACCESO T2M  Lector Ingreso Corredor lado Sur-Poniente;;
1743;LECTOR DE CONTROL DE ACCESO T2M  Lector Salida Corredor lado Sur-Poniente;;
1744;LECTOR DE CONTROL DE ACCESO T2M  Ingreso a Corredor desde Maquinas RX  AVSEC;;
1745;LECTOR DE CONTROL DE ACCESO T2M  Ingreso a Maquinas RX  AVSEC desde Corredor;;
1746;LECTOR DE CONTROL DE ACCESO T2M  Ingreso a Maquinas RX  AVSEC desde Corredor;;
1747;LECTOR DE CONTROL DE ACCESO T2M  Ingreso a Corredor desde Maquinas RX  AVSEC;;
1748;LECTOR DE CONTROL DE ACCESO T2M  Lector Ingreso Corredor lado Sur-Oriente;;
1749;LECTOR DE CONTROL DE ACCESO T2M  Lector Salida Corredor lado Sur-Oriente;;
1750;LECTOR DE CONTROL DE ACCESO T2M  Ingreso Sala Clima  3T2MLT016  Sur-Ori;;
1751;LECTOR DE CONTROL DE ACCESO T2M  Sala Electrica  3T2MLT015  Sur-Oriente;;
1752;LECTOR DE CONTROL DE ACCESO T2M  Sala CCDD  3T2MLT014  Sur-Oriente;;
1753;LECTOR DE CONTROL DE ACCESO T2M  Lector Salida Emergencia Pasillo Oriente ;;
1754;LECTOR DE CONTROL DE ACCESO T2M  Salida Emergencia a Escala 05;;
1755;LECTOR DE CONTROL DE ACCESO T2M  Ingreso a Escala 06 desde corredor;;
1756;LECTOR DE CONTROL DE ACCESO T2M  Ingreso a corredor desde Escala 06 Interior;;
1757;LECTOR DE CONTROL DE ACCESO T2M  Ingreso a Corredor laso Sur-Ori;;
1758;LECTOR DE CONTROL DE ACCESO T2M  Ingreso a zona Embarque desde corredor Ori.;;
1759;LECTOR DE CONTROL DE ACCESO T2M  Sala Electrica  3T2MLT033 Sur- Oriente;;
1760;LECTOR DE CONTROL DE ACCESO T2M  Ingreso Vestibulo Sala Tecnicas Sur-Oriente;;
1761;LECTOR DE CONTROL DE ACCESO T2M  Sala CCDD  3T2MLT033  Sur-Oriente;;
1762;LECTOR DE CONTROL DE ACCESO T2M  Ingreso Vestibulo Escala 07;;
1763;LECTOR DE CONTROL DE ACCESO T2M Sala Electrica  4T2MLT003  Nor-Pon;;
1764;LECTOR DE CONTROL DE ACCESO T2M Lector Corredor Poniente Escala 15 Interior;;
1765;LECTOR DE CONTROL DE ACCESO T2M Ingreso Corredor Poniente Escala 15 Exterior;;
1766;LECTOR DE CONTROL DE ACCESO T2M Sala CCDD  4T2MLT017  Nor-Pon;;
1767;LECTOR DE CONTROL DE ACCESO T2M Lector Emergencia Salida a Escala 85;;
1768;LECTOR NO ASIGNADO;;
1769;LECTOR DE CONTROL DE ACCESO T2M Ingreso Sala Clima  4T2MLT010  Nor-Pon;;
1770;LECTOR DE CONTROL DE ACCESO T2M Sala Electrica  4T2MLT014  Nor-Pon;;
1771;LECTOR DE CONTROL DE ACCESO T2M Sala CCDD  4T2MLT011  Nor-Pon;;
1772;LECTOR DE CONTROL DE ACCESO T2M Lector Salida Emergencia Salones VIP Poniente;;
1773;LECTOR DE CONTROL DE ACCESO T2M Ingreso Sala Clima  4T2MLT010  Nor-Ori;;
1774;LECTOR DE CONTROL DE ACCESO T2M Sala Electrica  4T2MLT015  Nor-Ori;;
1775;LECTOR DE CONTROL DE ACCESO T2M Sala CCDD  4T2MLT013  Nor-Ori;;
1776;LECTOR DE CONTROL DE ACCESO T2M Lector Salida Emergencia Salones VIP Oriente;;
1777;LECTOR DE CONTROL DE ACCESO T2M Sala Electrica  4T2MLT004  Nor-Ori;;
1778;LECTOR DE CONTROL DE ACCESO T2M Lector Corredor Oriente Escala 04 Interior;;
1779;LECTOR DE CONTROL DE ACCESO T2M  Ingreso Corredor Oriente Escala 04 Exterior;;
1780;LECTOR DE CONTROL DE ACCESO T2M Sala CCDD  4T2MLT016  Nor-Ori;;
1781;LECTOR DE CONTROL DE ACCESO T2M Lector Emergencia Salida a Escala 86;;
1782;LECTOR DE CONTROL DE ACCESO T2M Ingreso a Escala 14 desde Oficinas;;
1783;LECTOR DE CONTROL DE ACCESO T2M Lector Salida Escala 14 Interior;;
1784;LECTOR DE CONTROL DE ACCESO T2M Salida Emergencia Escala 14 a Pasillo Publico;;
1785;LECTOR NO ASIGNADO;;
1786;LECTOR DE CONTROL DE ACCESO T2M Ingreso Sala Clima  4T2MLT007  Sur-Pon;;
1787;LECTOR DE CONTROL DE ACCESO T2M Sala Electrica  4T2MLT002  Sur-Pon;;
1788;LECTOR DE CONTROL DE ACCESO T2M Salida Emergencia a Pasillo Publico Sur-Pon;;
1789;LECTOR DE CONTROL DE ACCESO T2M Ingreso a Escala 05 desde Oficinas;;
1790;LECTOR DE CONTROL DE ACCESO T2M Lector Entrada Oficina desde Escala 05;;
1791;LECTOR DE CONTROL DE ACCESO T2M Ingreso a Escala 05 desde Pasillo Publico;;
1792;LECTOR DE CONTROL DE ACCESO T2M Salida a Pasillo Publico desde Escala 05 ;;
1793;LECTOR DE CONTROL DE ACCESO T2M  Ingreso Sala Clima  4T2MLT008  Sur-Ori;;
1794;LECTOR DE CONTROL DE ACCESO T2M Sala Electrica  4T2MLT001  Sur-Ori;;
1795;LECTOR DE CONTROL DE ACCESO T2M Salida Emergencia a Pasillo Publico Sur-Ori;;
1796;LECTOR DE CONTROL DE ACCESO T2M  Salida Emergencia a Corredor Oriente  Sur;;
1797;LECTOR DE CONTROL DE ACCESO T2M  Ingreso desde Pasillo PDI a Caseta Inmigracion;;
1798;LECTOR DE CONTROL DE ACCESO T2M  Ingreso Caseta Inmigracion a Pasillo PDI Oriente;;
1799;LECTOR DE CONTROL DE ACCESO T2M  Sala Revisión Equipaje en Transito;;
1800;LECTOR DE CONTROL DE ACCESO T2M  Ingreso Sala Cinta Equipaje lado Nor-Pon  Isla A;;
1801;LECTOR DE CONTROL DE ACCESO T2M  Ingreso Sala Cinta Equipaje lado Nor-Ori  Isla H;;
1802;LECTOR DE CONTROL DE ACCESO T2M  Ingreso Sala Cinta Equipaje lado Centro -Ori  Isla E;;
1803;LECTOR DE CONTROL DE ACCESO T2M  Ingreso Sala Clima  4T2MLT024  Centro-Pon;;
1804;LECTOR DE CONTROL DE ACCESO T2M  Ingreso Sala Clima  4T2MLT002  Centro-Ori;;
1805;LECTOR DE CONTROL DE ACCESO T2M  Ingreso Sala Cinta Equipaje lado Nor-Centro  Isla D;;
1806;LECTOR DE CONTROL DE ACCESO T2M   Lector Emergencia Lado Sur  Salida Transito Inter AVSEC;;
1807;LECTOR NO ASIGNADO;;
1808;LECTOR NO ASIGNADO;;
1809;LECTOR NO ASIGNADO;;
1810;LECTOR DE CONTROL DE ACCESO T2M  Ingreso a Oficina Reserva Concesionaria;;
1811;LECTOR DE CONTROL DE ACCESO T2M  Salida a Corredor lado Oriente desde  RX AVSEC;;
1812;LECTOR DE CONTROL DE ACCESO T2M  Ingreso a Maquinas RX AVSEC desde Pasillo Oriente;;
1813;LECTOR DE CONTROL DE ACCESO T2M  Escotilla a Techumbre lado Poniente  Escala 15;;
1814;LECTOR DE CONTROL DE ACCESO T2M  Escotilla a Techumbre lado Oriente  Escala 04;;
1815;LECTOR DE CONTROL DE ACCESO T2M Lector Salida a Escala Emerg. 14 desde Off. Compañias;;
1816;LECTOR DE CONTROL DE ACCESO T2M Lector Ingreso a Off. Compañias aereas;;
1817;LECTOR DE CONTROL DE ACCESO T2M  Ingreso a Pasillo PDI Público  Oriente-Exterior;;
1818;LECTOR DE CONTROL DE ACCESO T2M  Salida de Pasillo PDI Público  Oriente-Interior;;
1819;LECTOR DE CONTROL DE ACCESO T2M Sala descanso PDI Pasillo;;
1820;LECTOR DE CONTROL DE ACCESO T2M Sala descanso PDI Interior;;
1821;LECTOR DE CONTROL DE ACCESO T2M  Ingreso Control RX Aduana desde cinta equipaje - externo;;
1822;LECTOR DE CONTROL DE ACCESO T2M  Salida a cinta equipaje desde Control RX Aduana  Interno;;
1823;LECTOR NO ASIGNADO;;
1824;LECTOR DE CONTROL DE ACCESO T2M  Oficina AVSEC-DGAC lado Oriente frente maquina RX AVSEC;;
1825;LECTOR DE CONTROL DE ACCESO T2M  Pasillo entre islas B-C frente a corredor Poniente;;
1826;LECTOR DE CONTROL DE ACCESO T2M  Vestibulo montacarga ASC 27 Lado Externo Sector SAG;;
1827;LECTOR DE CONTROL DE ACCESO T2M  Vestibulo montacarga ASC 27 Lado Interior Sector SAG;;
;;;
;;;
;;;
;;;
;;;
;;;
;;;
;;;
;;;
;;;
;;;
;;;
;;;
;;;
;;;
;;;
;;;
;;;
;;;
;;;
;;;
;;;
;;;
;;;
;;;
;;;
;;;
;;;
;;;
;;;
;;;
;;;
;;;
;;;
;;;
;;;
;;;
;;;
;;;
;;;
;;;
;;;
;;;
;;;
;;;
;;;
;;;
;;;
;;;
;;;
;;;
;;;
;;;
;;;
;;;
;;;
;;;
;;;
;;;
;;;
;;;
;;;
;;;
;;;
;;;
;;;
;;;
;;;
;;;
;;;
;;;
;;;
;;;
;;;
;;;
;;;
;;;
;;;
;;;
;;;
;;;
;;;
;;;
;;;
;;;
;;;
;;;
;;;
;;;
;;;
;;;
;;;
;;;
;;;
;;;
;;;
;;;
;;;
;;;
;;;
;;;
;;;
;;;
;;;
;;;
;;;
;;;
;;;
;;;
;;;
;;;
;;;
;;;
;;;
;;;
;;;
;;;
;;;
;;;
;;;
;;;
;;;
;;;
;;;
;;;
;;;
;;;
;;;
;;;
;;;
;;;
;;;
;;;
;;;
;;;
;;;
;;;
;;;
;;;
;;;
;;;
;;;
;;;
;;;
;;;
;;;
;;;
;;;
;;;
;;;
;;;
;;;
;;;
;;;
;;;
;;;
;;;
;;;
;;;
;;;
;;;
;;;
;;;
;;;
;;;
;;;
;;;
;;;
;;;
;;;
;;;
;;;
;;;
;;;
;;;
;;;
;;;
;;;
;;;
;;;
;;;
;;;
;;;
;;;
;;;
;;;
